id_customer,title,fullname,age,address,postal_code,city,country,phone_number,email,credit_card
1,mr,Karolina Flatley,6,924 Shasta Point,45,Bylym,Russia,883-112-9193,kflatley0@wikia.com,4405603543286383
2,mr,Donnajean Giacoppoli,58,2 Roth Court,58,Kilkís,Greece,172-843-7636,dgiacoppoli1@blog.com,372301266911272
3,ms,Elfreda Imesen,27,9 Melby Pass,5,Pryamitsyno,Russia,945-422-9234,eimesen2@webs.com,375298879095575
4,doctor,Matti Innot,20,77 4th Center,47,Khiv,Russia,942-234-6479,minnot3@etsy.com,670977234603087770
5,ms,Alley Ingerfield,19,2210 Upham Drive,12,Xixi,China,828-983-0894,aingerfield4@so-net.ne.jp,3535925742740554
6,ms,Kathlin Smy,10,02217 Messerschmidt Alley,45,Aguiar da Beira,Portugal,342-418-6783,ksmy5@printfriendly.com,3562764576145960
7,doctor,Brnaby Pattisson,7,07 Donald Park,66,Huangge,China,760-498-2985,bpattisson6@google.nl,3572086592941778
8,ms,Felix Purdon,20,34583 Village Parkway,59,Āgaro,Ethiopia,913-342-4588,fpurdon7@gizmodo.com,3540116448970371
9,ms,Janis Neligan,63,52 Holmberg Way,84,San Miguel,Philippines,121-820-1679,jneligan8@wsj.com,3562330781546028
10,mr,Floyd Serris,63,9 Eastwood Drive,32,Saint-Germain-en-Laye,France,376-870-2367,fserris9@pbs.org,3544467989736069
11,ms,Laina Duggan,22,0 Muir Drive,27,Dapaong,Togo,360-455-5219,lduggana@sourceforge.net,67596980559843919
12,mr,Carey Ziebart,64,3229 Scott Place,63,Lingbeizhou,China,655-479-8124,cziebartb@google.ca,3560180209319512
13,mr,Brooks Espadero,58,551 Laurel Junction,40,Palestina,Colombia,556-683-1586,bespaderoc@youku.com,3539331712591083
14,doctor,Ludovico Champneys,85,44860 Golden Leaf Pass,77,Roche-à-Bateau,Haiti,114-181-6968,lchampneysd@domainmarket.com,3580940044941184
15,ms,Clarette Schrei,74,128 Cody Center,2,Wanurian,Indonesia,917-836-5224,cschreie@go.com,374622284347084
16,mr,Claybourne Frostick,76,5 Heffernan Circle,86,General Manuel J. Campos,Argentina,977-971-1668,cfrostickf@oracle.com,3544648858396792
17,doctor,Gerick Izon,37,50 Katie Crossing,78,Lushnjë,Albania,984-712-0991,gizong@mac.com,3553552119438575
18,doctor,Billy Oxberry,8,84874 Carioca Street,61,Az Zawr,Kuwait,126-659-3145,boxberryh@etsy.com,3588126534165128
19,mr,Diarmid Placide,81,06240 Moulton Street,95,New York City,United States,212-511-9060,dplacidei@intel.com,3589047895976367
20,ms,Aleda Brownsey,72,98345 Fair Oaks Place,52,Mariano Moreno,Argentina,945-837-7433,abrownseyj@unc.edu,50381573214822561
21,mr,Gabriella Perillio,36,7 Arkansas Crossing,18,Marseille,France,568-276-8568,gperilliok@delicious.com,675941135940888956
22,doctor,Minette Sneesby,82,21544 Warbler Court,11,Karlskoga,Sweden,409-442-5878,msneesbyl@mozilla.org,3558266782298092
23,mr,Amby Grewcock,48,2 Autumn Leaf Junction,43,Mrkonjić Grad,Bosnia and Herzegovina,107-961-0179,agrewcockm@scientificamerican.com,3572302255707566
24,mr,Margo Fylan,27,8 Eastwood Place,39,Yelenendorf,Azerbaijan,682-456-7604,mfylann@columbia.edu,3572978377191274
25,ms,Johnnie Folbigg,49,75254 Artisan Parkway,72,Dolní Rychnov,Czech Republic,250-491-3370,jfolbiggo@ebay.co.uk,633314576138607898
26,doctor,Julie Derington,38,6 Shopko Hill,79,Balucawi,Philippines,906-781-5302,jderingtonp@cmu.edu,3580368005334027
27,mr,Devonne Grahlman,19,4012 Kensington Crossing,32,Nara-shi,Japan,159-229-4059,dgrahlmanq@surveymonkey.com,4936303919069831135
28,doctor,Stefania Whelan,39,05 Bashford Plaza,55,Lepoglava,Croatia,381-534-7796,swhelanr@usatoday.com,3560062455828208
29,ms,Victoria Pasley,21,2737 Fairfield Crossing,16,Guarapuava,Brazil,205-652-0002,vpasleys@msn.com,3568564561003735
30,ms,Garald Hardeman,63,680 Ludington Circle,67,Novo Hamburgo,Brazil,338-479-9930,ghardemant@pen.io,3536755522875711
31,mr,Cherise Buey,66,4 Barnett Crossing,68,Nirasaki,Japan,516-972-9606,cbueyu@themeforest.net,4405637778145443
32,doctor,Anatol Barter,86,48992 Sunfield Lane,28,Bakıxanov,Azerbaijan,339-498-4498,abarterv@biblegateway.com,5100179504352279
33,mr,Brodie Franzotto,49,95 Kinsman Drive,13,Tours,France,777-603-7483,bfranzottow@blogs.com,5602241267511302
34,mr,Kristoforo Mapowder,75,171 David Pass,59,Nowy Dwór Mazowiecki,Poland,798-649-8201,kmapowderx@nsw.gov.au,3585551305853805
35,doctor,Archibaldo Aishford,68,3958 Macpherson Center,10,Sampit,Indonesia,455-373-2553,aaishfordy@blog.com,3544532008147166
36,doctor,Nils Garrals,34,49207 Sauthoff Hill,87,Dīla,Ethiopia,567-297-9685,ngarralsz@indiatimes.com,5048372588677498
37,mr,Ema Caughan,65,5948 Homewood Parkway,4,Barvinkove,Ukraine,900-826-8804,ecaughan10@admin.ch,5007660961226100
38,mr,Ade Mitchelhill,15,06 Schmedeman Road,53,Gelin,China,534-660-1667,amitchelhill11@washingtonpost.com,564182497094677732
39,ms,Hillary Forsard,60,24 Mesta Way,28,Kampungbajo,Indonesia,429-350-4344,hforsard12@hhs.gov,4936759660627755
40,ms,Amanda Brewse,61,7 Independence Pass,25,Krajan Waturoyo,Indonesia,498-363-5417,abrewse13@canalblog.com,3547715464999025
41,ms,Oberon Ruslin,33,7 Thackeray Park,96,Santa Lucia,Philippines,924-540-4271,oruslin14@mapy.cz,5007669784965083
42,mr,Sella Cramp,26,50 Veith Avenue,93,Rubiataba,Brazil,275-321-3182,scramp15@fotki.com,30456430387389
43,mr,Floyd Sclater,28,7 Erie Crossing,59,Terezín,Czech Republic,289-962-9809,fsclater16@scribd.com,3577069886141219
44,mr,Joan Shufflebotham,83,6948 Marcy Crossing,87,San Pedro de Lloc,Peru,339-472-1333,jshufflebotham17@xrea.com,56022375929772673
45,mr,Bronson Mochan,34,3 Westport Lane,20,Claveria,Philippines,872-726-4754,bmochan18@cbc.ca,3549439436549507
46,ms,Rudolf Kerwick,94,5 Homewood Way,90,Hampton,United States,757-190-5448,rkerwick19@ca.gov,3564361224102903
47,mr,Gennifer Schellig,91,63853 Kings Avenue,70,Dengok,Indonesia,100-532-4614,gschellig1a@hatena.ne.jp,3581758618377349
48,doctor,Vonnie Burston,39,4 Manley Place,10,Kurikka,Finland,946-208-2149,vburston1b@weather.com,30524275434564
49,mr,Demetrius Spratley,97,8 Golf Course Parkway,4,Mollepampa,Peru,288-809-9419,dspratley1c@mac.com,060422478325821959
50,ms,Martyn Rudolf,8,6 Evergreen Road,17,Cachoeira do Sul,Brazil,360-573-7411,mrudolf1d@ameblo.jp,4017952346377
51,ms,Shayne Allridge,33,97722 Kim Road,29,Barg-e Matāl,Afghanistan,382-751-7593,sallridge1e@paginegialle.it,5602254724671155
52,mr,Darby Woodberry,55,50 Shasta Street,7,Ngancar,Indonesia,217-153-6409,dwoodberry1f@businesswire.com,3565502764067035
53,ms,Jodi Gosney,56,2 Mccormick Alley,30,Lemery,Philippines,959-547-6917,jgosney1g@bbb.org,3579262420169121
54,doctor,Darrel Boc,45,172 Crest Line Avenue,65,Ngedhubasa,Indonesia,514-831-3144,dboc1h@apache.org,341190987359079
55,mr,Deva Abercrombie,83,0564 Talisman Trail,59,Wolofeo,Indonesia,604-203-0564,dabercrombie1i@smugmug.com,3541181281679231
56,mr,Cornell Lishman,27,345 Prentice Circle,99,Oras,Philippines,466-242-0815,clishman1j@theguardian.com,201893861940612
57,mr,Luce Faveryear,73,91006 Dorton Center,6,Maiorca,Portugal,532-381-0649,lfaveryear1k@is.gd,30384249461338
58,mr,Penn Lukes,46,98738 Continental Park,32,Meishan,China,396-664-2704,plukes1l@vistaprint.com,5602226735425714
59,doctor,Yancy Bellany,95,4 Portage Park,73,Māwiyah,Yemen,237-468-5094,ybellany1m@un.org,5108751100422573
60,doctor,Dacie Landes,26,1530 Eggendart Street,41,Jalinan,Indonesia,619-605-7428,dlandes1n@booking.com,4913936810440894
61,mr,Packston Warkup,38,72 Buhler Parkway,7,Gubuk Daya,Indonesia,752-997-2086,pwarkup1o@reuters.com,201550883989585
62,mr,Maurita Hills,35,41302 Hanover Way,37,Shanhe,China,427-308-5539,mhills1p@wix.com,5018553783212936
63,doctor,Derron Blaszczynski,30,88 Clyde Gallagher Plaza,33,Kalenderovci Donji,Bosnia and Herzegovina,684-253-5247,dblaszczynski1q@nsw.gov.au,5555252975999769
64,mr,Regan Wrate,64,2 High Crossing Center,25,Dalheim,Luxembourg,603-783-3780,rwrate1r@wufoo.com,3576805814611356
65,ms,Beverie Gallaway,71,2910 Bay Way,90,Kedatuan,Indonesia,844-946-7060,bgallaway1s@360.cn,3538753617615611
66,doctor,Leanora Munks,61,62603 Vermont Terrace,77,Liancheng,China,718-728-7719,lmunks1t@histats.com,30342690211503
67,doctor,Biddy Runge,11,5 Hagan Trail,11,Nanyuki,Kenya,462-690-4166,brunge1u@blogtalkradio.com,4844889819352285
68,mr,Pail Runcieman,86,931 Blackbird Road,1,Khairpur Nathan Shāh,Pakistan,692-668-2352,pruncieman1v@google.com.br,5602230698104290
69,doctor,Jeramie Joselevitz,88,38 Eagan Drive,63,Kablukan,Indonesia,517-795-3648,jjoselevitz1w@ibm.com,3556868499500710
70,mr,Keenan Peert,21,1270 Buell Crossing,87,Pereyaslovskaya,Russia,197-894-0349,kpeert1x@dedecms.com,5353184280108741
71,mr,Ernie Testro,38,665 Crowley Place,48,Nakhon Sawan,Thailand,396-781-7547,etestro1y@privacy.gov.au,3555306096353622
72,ms,Ora Odams,89,6 Katie Drive,20,Yelan’-Kolenovskiy,Russia,977-423-2336,oodams1z@who.int,4903837684272838484
73,mr,Shurlock Pleavin,86,68041 Londonderry Terrace,22,Libušín,Czech Republic,326-946-2847,spleavin20@wikispaces.com,3566803951186508
74,doctor,Vivie Laister,36,99 1st Park,90,Tiztoutine,Morocco,233-250-4981,vlaister21@phoca.cz,3581773149779921
75,doctor,August Athey,22,130 North Drive,66,Rancanyenang,Indonesia,279-232-7723,aathey22@arstechnica.com,3544672766671237
76,ms,Doyle Maxstead,9,32 Helena Crossing,7,Santa Inês,Brazil,830-267-1215,dmaxstead23@acquirethisname.com,564182143608149384
77,ms,Bourke De Lorenzo,11,638 Emmet Crossing,70,Santo Tomas,Mexico,642-525-4183,bde24@discovery.com,3588212687426606
78,doctor,Amalie Merrigan,95,62 Norway Maple Drive,52,Binonga,Philippines,610-782-9708,amerrigan25@aboutads.info,5578541672345901
79,mr,Liuka Craddy,27,1 Johnson Plaza,10,Kebonan,Indonesia,184-176-7251,lcraddy26@redcross.org,5602240900240626
80,mr,Clarette Cacacie,6,37082 Algoma Alley,98,Töysä,Finland,811-293-8623,ccacacie27@wikispaces.com,3543929997549199
81,doctor,Manuel Giscken,47,35748 Sherman Point,61,Los Cóndores,Argentina,557-991-5171,mgiscken28@dailymail.co.uk,6389600187556050
82,mr,Albrecht Smillie,99,90546 Schiller Alley,72,Chanika,Tanzania,307-832-6357,asmillie29@deliciousdays.com,6763127818505906
83,ms,Cheston Melton,82,50201 Hansons Road,16,Independencia,Mexico,730-875-3339,cmelton2a@dailymotion.com,3558370260460586
84,ms,Ogden Mossbee,45,46038 Fisk Alley,87,Wanghu,China,688-702-1553,omossbee2b@google.co.jp,3547437791438698
85,ms,Elysee Rawls,43,9 Sage Park,52,Kawahmanuk,Indonesia,461-212-0824,erawls2c@ihg.com,3531579897478082
86,mr,Winne Ellin,69,7 5th Point,93,Sake,Democratic Republic of the Congo,747-510-1363,wellin2d@gmpg.org,370837875439223
87,mr,Silvia Hizir,6,345 Hanover Trail,71,København,Denmark,918-286-1412,shizir2e@360.cn,5486581632498805
88,ms,Leontine Heady,86,3718 Sunfield Junction,79,Candon,Philippines,808-963-3005,lheady2f@illinois.edu,3583870693666112
89,doctor,Mose Raynes,100,04607 Stone Corner Avenue,12,Pôrto Barra do Ivinheima,Brazil,524-580-2521,mraynes2g@hatena.ne.jp,3552264943154581
90,mr,Pavla Dominguez,53,29200 Rigney Parkway,47,Laocheng,China,400-930-7675,pdominguez2h@wsj.com,3579724142556414
91,ms,Burlie Novelli,70,442 Carey Parkway,39,El Cairo,Colombia,247-875-4715,bnovelli2i@hatena.ne.jp,3543379393661067
92,doctor,Romy Cleugher,83,42551 Northport Road,66,Shuanghekou,China,865-120-3133,rcleugher2j@acquirethisname.com,3537032984139286
93,doctor,Theda Ettles,57,75 Anzinger Alley,55,Znamenskoye,Russia,908-711-0719,tettles2k@sfgate.com,3534224940268712
94,doctor,Christophe Mayoral,69,810 Division Circle,1,Heping,China,261-255-1141,cmayoral2l@sourceforge.net,6767239362867529
95,doctor,Jeremias Ferby,29,90 Judy Place,2,Baguim do Monte,Portugal,773-175-6272,jferby2m@wunderground.com,201468186175325
96,ms,Sherline Klaassens,79,0 Southridge Plaza,61,Pasto,Colombia,489-690-8967,sklaassens2n@shinystat.com,5489789474700355
97,mr,Angelita Lockett,41,74459 Declaration Crossing,57,Shalakusha,Russia,753-561-2041,alockett2o@de.vu,4911692060146424
98,ms,Brock Lindbergh,83,7 Grim Alley,50,Zhangshui,China,254-762-6232,blindbergh2p@miitbeian.gov.cn,3546181338306791
99,mr,Tova Edmondson,72,2 Miller Street,12,Ciorescu,Moldova,320-682-2694,tedmondson2q@webeden.co.uk,372301809123104
100,doctor,Ethelbert Kilgrew,56,73743 School Pass,10,Maindang,Philippines,152-348-2054,ekilgrew2r@jiathis.com,201876935639211
101,ms,Erie Belford,84,16 Golf View Parkway,12,Columbia,United States,573-194-8474,ebelford2s@dropbox.com,374622165192963
102,mr,Corey Routley,13,376 Transport Parkway,96,Liski,Russia,602-801-4926,croutley2t@answers.com,3578822856180552
103,doctor,Shaine Sineath,48,90 Huxley Parkway,42,Rietavas,Lithuania,149-252-0955,ssineath2u@si.edu,201712113817230
104,doctor,Edee Emmett,85,990 Cherokee Point,86,Posedarje,Croatia,340-414-1415,eemmett2v@dailymotion.com,3565381949480706
105,ms,Luce Gheerhaert,62,8 Del Sol Street,95,Wenchang,China,821-457-4381,lgheerhaert2w@wired.com,3531457670751514
106,doctor,Shayla Weedenburg,97,5 East Avenue,3,Nanxing,China,804-187-9188,sweedenburg2x@wsj.com,50181383699595852
107,ms,Harris Bawles,59,6 Jay Street,76,Ludza,Latvia,623-313-1739,hbawles2y@technorati.com,36203072675927
108,ms,Angelle McCaskill,90,773 Di Loreto Court,12,Quetta,Pakistan,635-442-7210,amccaskill2z@chronoengine.com,3543613085961421
109,mr,Leigha Di Pietro,84,65 Old Shore Circle,60,Kolonowskie,Poland,748-373-9452,ldi30@youtu.be,30133678856736
110,ms,Lorita Howey,75,06 Scoville Crossing,3,Bonao,Dominican Republic,305-113-9161,lhowey31@privacy.gov.au,3532209517061998
111,ms,Olivie Whear,39,52494 Carey Plaza,35,Vetluzhskiy,Russia,964-447-0093,owhear32@tamu.edu,3549310632767310
112,doctor,Alfy Stredder,83,2369 Service Point,44,Huji,China,679-136-8074,astredder33@php.net,50383233365567824
113,ms,Simone Carff,38,15034 Merrick Street,54,Zhangxiong,China,864-123-3730,scarff34@addthis.com,3562201201106166
114,doctor,Darius Lages,64,4553 Surrey Drive,28,Cibaregbeg,Indonesia,632-630-8353,dlages35@nature.com,3534691381895791
115,doctor,Kristine Tilio,3,5404 Rowland Place,1,La Floresta,Uruguay,111-251-0418,ktilio36@tmall.com,5007668333190367
116,doctor,Rodrigo Walworche,9,83776 Lawn Park,30,Vale Flores,Portugal,730-487-2041,rwalworche37@booking.com,3562656382647074
117,doctor,Abbey Pohl,55,0306 Browning Way,82,Mashiko,Japan,135-598-3674,apohl38@columbia.edu,4905316314635901424
118,doctor,Jud Kilrow,81,68 Kings Trail,13,Guanshan,China,168-205-1163,jkilrow39@i2i.jp,3531784725129432
119,doctor,Virge Hacaud,49,2030 Grover Court,15,Akoupé,Ivory Coast,813-131-9758,vhacaud3a@arstechnica.com,3541420301889390
120,doctor,Chance Pasley,22,564 Grayhawk Plaza,73,Formiga,Brazil,966-708-3013,cpasley3b@hc360.com,3555713844788621
121,ms,Norri Pasby,38,58936 Monica Trail,14,Grajaú,Brazil,940-864-5580,npasby3c@slate.com,5602257677225725855
122,doctor,Lemmie Winscomb,63,119 Kropf Circle,82,Eslöv,Sweden,945-689-8771,lwinscomb3d@google.it,633431356617349017
123,doctor,Ashlen Wildash,38,7299 Cambridge Trail,6,Rameshki,Russia,410-856-8717,awildash3e@fda.gov,4936488090228626027
124,mr,Maddie Stoney,22,16961 Tennessee Point,20,Arras,Albania,832-146-2010,mstoney3f@dion.ne.jp,4026982574242252
125,ms,Galvin Loachhead,91,1 Michigan Lane,34,Xinqiaohe,China,262-300-8436,gloachhead3g@networksolutions.com,3567209073371912
126,mr,Monique Treat,78,44417 Hansons Parkway,62,Topolná,Czech Republic,872-100-9426,mtreat3h@dropbox.com,3555537839051962
127,ms,Nadeen Scadding,73,7689 Brentwood Park,25,Jatisari,Indonesia,988-505-3422,nscadding3i@cocolog-nifty.com,3550051185526846
128,ms,Carlye Folini,32,3892 Dexter Park,33,Valencia,Philippines,789-822-7872,cfolini3j@jigsy.com,3540074477961532
129,doctor,Clarissa Bills,8,4 Nancy Park,3,Sendung,Indonesia,926-914-8898,cbills3k@printfriendly.com,30132631970253
130,mr,Cammie Parish,73,51 Autumn Leaf Drive,82,Kunting,Gambia,681-414-4377,cparish3l@comsenz.com,3571844474627019
131,ms,Mommy Slyvester,100,095 Westport Circle,43,Xiaohenglong,China,795-141-5948,mslyvester3m@google.co.uk,374288968946250
132,mr,Frasier Wilkinson,4,971 6th Alley,55,Cergy-Pontoise,France,913-997-8692,fwilkinson3n@unblog.fr,560222132759611003
133,ms,Bernhard Hartzog,98,9 Ridgeway Plaza,78,Porto Velho,Brazil,175-832-8518,bhartzog3o@soup.io,5018875039438594126
134,ms,Red Simacek,51,5615 Gina Lane,77,Vazhiny,Russia,367-567-4687,rsimacek3p@woothemes.com,3551454969556287
135,mr,Dion Broomhead,70,669 Maywood Point,93,Kuybyshevskiy Zaton,Russia,459-280-4882,dbroomhead3q@state.tx.us,4175009965945654
136,ms,Keane Roscow,23,535 Marcy Pass,91,Sawin,Poland,805-396-8844,kroscow3r@java.com,5602234677014748660
137,doctor,Gusti Greenacre,97,2552 Lillian Center,57,Lipovci,Slovenia,145-404-8237,ggreenacre3s@time.com,374288527314370
138,doctor,Derrek Huby,26,458 North Circle,4,Lhakangtang,China,164-493-6492,dhuby3t@miitbeian.gov.cn,201693538426452
139,ms,Corabel Itter,47,3 Merry Court,24,Steinsel,Luxembourg,128-272-7140,citter3u@altervista.org,5048377007099646
140,doctor,Babita Terese,67,20878 Laurel Alley,19,Mistřice,Czech Republic,247-109-3920,bterese3v@1688.com,6761392956754628238
141,mr,Cart Peperell,61,3785 Scofield Drive,73,Buldon,Philippines,212-943-3809,cpeperell3w@europa.eu,5204781004670574
142,ms,Jasmine McConnell,97,927 Bellgrove Junction,73,Bancar,Indonesia,757-486-7682,jmcconnell3x@yahoo.co.jp,30443516658784
143,ms,Fiann Gradley,1,4 Acker Lane,15,Tuzhu,China,493-666-6660,fgradley3y@kickstarter.com,4405336772445962
144,mr,Layla Mallabar,100,12607 Towne Crossing,15,Nantang,China,292-449-8454,lmallabar3z@fastcompany.com,5350617837904305
145,mr,Shandie Vokins,23,687 Merrick Plaza,83,As Samawah,Iraq,769-557-3595,svokins40@umn.edu,6333729522834642607
146,mr,Phylis Bodycote,31,10 Graedel Park,87,Zomba,Malawi,369-251-1425,pbodycote41@over-blog.com,3560167625847994
147,mr,Nev Bezzant,20,062 Caliangt Plaza,2,Kuantian,China,424-205-6102,nbezzant42@zimbio.com,67096106377551345
148,doctor,Maximilien Lidgertwood,28,9880 Tennyson Crossing,30,Pouso Alegre,Brazil,338-336-3474,mlidgertwood43@hostgator.com,4405537120739044
149,mr,Emera Normabell,64,63 Sunbrook Way,34,Iizuka,Japan,517-897-3303,enormabell44@cornell.edu,589377661086245749
150,doctor,Marjory Grint,45,8 Londonderry Street,50,Tessaoua,Niger,597-842-5943,mgrint45@businessweek.com,5641822447679912
151,mr,Myrlene Moan,46,3 Meadow Ridge Lane,83,Kaeng Khro,Thailand,692-906-1832,mmoan46@nytimes.com,501805432444103351
152,mr,Heinrick Mullender,25,079 Prairieview Street,29,Comandante Luis Piedra Buena,Argentina,392-516-6003,hmullender47@unesco.org,5602225200412405
153,ms,Filmer Drydale,92,85 Northview Hill,90,Quchomo,China,881-736-1613,fdrydale48@pcworld.com,3570818866370785
154,ms,Marijn Franke,24,9 Meadow Vale Drive,98,Novomichurinsk,Russia,401-718-3237,mfranke49@bloglines.com,30085631511610
155,doctor,Tudor Meaddowcroft,64,33400 Fremont Terrace,99,Dubai,United Arab Emirates,489-958-6523,tmeaddowcroft4a@tamu.edu,3581885709055821
156,doctor,Magdalene Sheldrick,56,04 Sutherland Alley,64,Beidajie,China,765-778-4285,msheldrick4b@pcworld.com,36499789309020
157,doctor,Adelaide Kusick,90,48899 Bartillon Crossing,98,Limbo,Philippines,488-695-6789,akusick4c@mysql.com,3540653658081127
158,mr,Wyatan Pooley,94,5219 Buena Vista Point,61,Drahichyn,Belarus,512-337-8150,wpooley4d@jimdo.com,3579495877324910
159,ms,Vanya Botcherby,67,32 Laurel Road,28,Bull Savanna,Jamaica,494-749-3306,vbotcherby4e@discovery.com,3552782152308820
160,ms,Verina Duffy,85,46 Summer Ridge Hill,10,Iłowa,Poland,828-427-6041,vduffy4f@t.co,374288035746147
161,doctor,Sidonnie Mulvagh,10,9 Pleasure Way,1,Dohār,Bangladesh,311-526-8493,smulvagh4g@deviantart.com,3583842152184432
162,doctor,Natty Redsall,46,29706 Rigney Crossing,90,Chengzi,China,221-671-6590,nredsall4h@wired.com,5602236158518689
163,doctor,Blair Normabell,89,00 Riverside Court,21,Haparanda,Sweden,279-727-2369,bnormabell4i@salon.com,5007665997950243
164,mr,Valeda Marns,49,9 Union Hill,89,Revolucion,Mexico,624-843-0557,vmarns4j@twitpic.com,5563285719395712
165,mr,Harlan Ridsdole,24,1857 American Street,76,Gemena,Democratic Republic of the Congo,122-753-2230,hridsdole4k@squidoo.com,3566629580926430
166,ms,Bat Brawley,99,3 Marcy Hill,39,Dzhankoy,Ukraine,260-307-1118,bbrawley4l@nymag.com,6398416217346928
167,doctor,Carmencita Pickavance,65,9 Basil Court,57,Nhà Bè,Vietnam,273-227-0671,cpickavance4m@ocn.ne.jp,3566788643512734
168,ms,Rafe Rosendorf,2,7 Lake View Parkway,21,Kuala Lumpur,Malaysia,812-511-9227,rrosendorf4n@quantcast.com,564182620523858546
169,doctor,Rosamond Worden,29,5 Onsgard Trail,36,Tāklisah,Tunisia,821-875-3934,rworden4o@dedecms.com,3547724554567585
170,mr,Jake Yancey,17,8 Lillian Road,1,Porto Velho,Brazil,937-871-9461,jyancey4p@goodreads.com,4508175598991346
171,ms,Zeke Herity,39,42861 Johnson Alley,95,Gunungkencana,Indonesia,679-985-3090,zherity4q@cnn.com,6370226455592758
172,mr,Deonne Le Fleming,9,8122 Service Park,38,Fenghuangdong,China,271-739-6494,dle4r@nydailynews.com,5590476820925045
173,ms,Leora Prenty,29,9074 Brickson Park Park,99,Montauban,France,516-323-0909,lprenty4s@discuz.net,5100137176063996
174,mr,Hervey McCrone,2,5722 Thompson Road,57,Kurumoch,Russia,128-140-7298,hmccrone4t@samsung.com,4917439707363440
175,ms,Gisella Mennell,22,62 Montana Place,74,Göteborg,Sweden,229-848-4137,gmennell4u@china.com.cn,374288233680932
176,mr,Mercy Hartfield,49,4641 Walton Circle,66,Perzów,Poland,427-617-1933,mhartfield4v@constantcontact.com,3556012610442862
177,ms,Cheslie Gurrado,12,01097 Waubesa Parkway,14,Sainte-Geneviève-des-Bois,France,931-459-6217,cgurrado4w@tmall.com,3572311637197511
178,doctor,Prisca Vaissiere,99,14 Sloan Street,97,Namīn,Iran,952-644-8467,pvaissiere4x@weebly.com,6331106911322438
179,mr,Hedvig Hallatt,4,580 Northport Court,97,Sarapul,Russia,894-719-1338,hhallatt4y@mediafire.com,4936218345691918
180,mr,Modestia Moorhead,23,9569 Summerview Terrace,16,Shebekino,Russia,229-432-2262,mmoorhead4z@blogspot.com,3578577227419523
181,ms,Brad Lawty,67,43 5th Terrace,67,Wasagu,Nigeria,320-609-0619,blawty50@ustream.tv,5100130712275455
182,mr,Roxana Hurdis,73,56843 Pond Lane,63,Shangmofang,China,810-552-1912,rhurdis51@statcounter.com,3576107559246203
183,doctor,Ade Nussey,49,35 Buell Avenue,74,La Concordia,Nicaragua,731-947-2546,anussey52@jugem.jp,3531673111510265
184,mr,Calla Gosney,59,8 Hagan Center,67,Zargarān,Afghanistan,507-866-3013,cgosney53@china.com.cn,6382485331319986
185,mr,Agnes Shevlin,66,20 Muir Lane,38,Tabaquite,Trinidad and Tobago,346-122-0827,ashevlin54@blogger.com,3575199394829138
186,mr,Aldin Pinfold,77,6079 Forest Avenue,78,Nūrābād,Iran,748-552-3392,apinfold55@discuz.net,3576968858731835
187,doctor,Shurlock Jurges,20,7 Florence Court,65,Wenling,China,143-996-6974,sjurges56@thetimes.co.uk,6304152642875909
188,mr,Danit Sudy,55,6 Crest Line Junction,69,Dalazi,China,812-619-9943,dsudy57@mayoclinic.com,201490935097790
189,mr,Kathrine Daintree,57,69168 Ilene Parkway,65,Kęsowo,Poland,106-397-7912,kdaintree58@engadget.com,3578229247783005
190,ms,Karalynn Varey,54,239 Oriole Avenue,25,Zhinvali,Georgia,384-275-6127,kvarey59@alexa.com,502086326737419094
191,doctor,Arther Janku,75,95 Leroy Terrace,64,Nankang,China,428-591-8464,ajanku5a@cam.ac.uk,5602219791394923535
192,mr,Karola Calderon,21,18340 Mcguire Plaza,79,Prior Velho,Portugal,850-288-9880,kcalderon5b@engadget.com,5602216473160029
193,mr,Darell Chese,78,438 Cody Crossing,69,Xiaoling,China,590-269-8901,dchese5c@rakuten.co.jp,4175006386850216
194,ms,Alexio Studeart,38,9 Dovetail Alley,11,Omaha,United States,402-693-3163,astudeart5d@i2i.jp,6304356360013787161
195,ms,Clim Surguine,58,1496 Dovetail Parkway,28,Bazha,China,700-460-7593,csurguine5e@umn.edu,6771402555787128
196,doctor,Padraig Greet,37,9 Portage Trail,35,Protaras,Cyprus,364-581-2458,pgreet5f@cornell.edu,30314233715787
197,doctor,Roshelle Gail,33,1 Garrison Place,79,Edéa,Cameroon,738-603-5807,rgail5g@answers.com,5610871663837263
198,mr,Brandtr Wiles,44,3 8th Junction,36,San Luis,Guatemala,679-147-6684,bwiles5h@lycos.com,3548275687751686
199,doctor,Vassily Selwyne,13,06431 Golf Court,54,Lusacan,Philippines,882-588-3898,vselwyne5i@lycos.com,564182506229334595
200,ms,Dorey Beecker,99,75 Briar Crest Trail,58,Shaping,China,918-229-3630,dbeecker5j@chronoengine.com,3549136913953364
201,ms,Karolina Kimberly,15,8184 Quincy Avenue,17,José de Freitas,Brazil,941-398-7021,kkimberly5k@cam.ac.uk,3546241563567440
202,ms,Gaspard Caird,65,656 Marcy Avenue,50,Chiţcani,Moldova,983-119-5127,gcaird5l@comcast.net,5002358376614649
203,doctor,Bride Bengall,77,9 Hoepker Park,2,Karabas,Kazakhstan,851-310-7123,bbengall5m@ustream.tv,3553523586461309
204,ms,Fonz Stert,9,4916 Grim Crossing,27,Lentisqueira,Portugal,932-583-2083,fstert5n@dion.ne.jp,3569073344582477
205,doctor,Fernande Yannikov,48,2 Old Gate Point,39,Ganjun,China,247-927-3322,fyannikov5o@creativecommons.org,3580674984169338
206,mr,Trumaine Menat,83,016 2nd Lane,20,Capitán Bermúdez,Argentina,989-613-8210,tmenat5p@sakura.ne.jp,342619877147920
207,ms,Bourke Abramin,50,57 Merrick Place,88,Yuzhno-Sukhokumsk,Russia,751-314-6974,babramin5q@digg.com,3541691529675494
208,mr,Elise Nelsen,92,16959 Portage Parkway,77,Ibotirama,Brazil,425-949-2011,enelsen5r@yahoo.co.jp,6759469029174821908
209,ms,Cherianne Bartelot,46,13 Bowman Hill,50,Tambilil,Philippines,860-178-5716,cbartelot5s@chicagotribune.com,3533262417902232
210,mr,Moishe Adney,46,3 Corben Road,61,Ang Thong,Thailand,226-919-3813,madney5t@google.com,201914928014199
211,mr,Gabi Boschmann,99,2 Thackeray Court,35,Opatów,Poland,504-853-6300,gboschmann5u@ow.ly,3575515688664958
212,mr,Deborah Andrasch,9,62538 Prairieview Junction,69,Jidong,China,789-428-7685,dandrasch5v@wired.com,3572268710388690
213,mr,Kara-lynn Hoopper,70,68 Utah Road,54,Gaomi,China,538-162-7930,khoopper5w@nhs.uk,5602232455915587
214,ms,Cart Arrington,44,2 Meadow Valley Lane,72,Simpanganduwet,Indonesia,980-678-6258,carrington5x@ihg.com,4175000333591601
215,doctor,Sibley Raccio,93,25056 Warrior Drive,37,Marseille,France,727-324-2740,sraccio5y@ox.ac.uk,201670498640694
216,doctor,Lula Zellner,92,45132 Vera Point,48,Ijuw,Nauru,910-782-6243,lzellner5z@is.gd,3550879231117370
217,doctor,Hildegarde Braam,59,39 Dorton Junction,31,Rudnyy,Kazakhstan,832-508-3669,hbraam60@paypal.com,3538158274513135
218,mr,Ludovico Muckersie,24,2160 Knutson Avenue,80,Callanca,Peru,959-744-3925,lmuckersie61@netvibes.com,372301698834647
219,mr,Muhammad Keirl,50,661 Express Trail,49,Mpophomeni,South Africa,936-727-6783,mkeirl62@sohu.com,4508212940961550
220,ms,Wandie Beresford,50,367 1st Crossing,19,Vyzhnytsya,Ukraine,871-110-1215,wberesford63@opera.com,3555496963387264
221,mr,Ramona Bamford,47,43 Pennsylvania Terrace,44,Xujiafang,China,992-985-6206,rbamford64@zdnet.com,3569548356291554
222,ms,Shaine Giovanardi,74,84507 Doe Crossing Pass,58,Cihua,China,729-548-5728,sgiovanardi65@mediafire.com,3578631762610630
223,ms,Talia Hanington,49,71 Brentwood Parkway,48,Paris 19,France,387-848-3798,thanington66@berkeley.edu,4017953000225261
224,mr,Gradeigh Egiloff,87,35013 Blaine Circle,22,Sukhobuzimskoye,Russia,431-171-5876,gegiloff67@jugem.jp,3574318015283738
225,mr,Lemmy Duckwith,38,604 Hoepker Street,78,Sacramento,United States,916-763-5945,lduckwith68@skype.com,3562773543628933
226,ms,Ginnifer Ismail,6,55642 Lakeland Lane,47,Fengtai,China,402-230-7147,gismail69@bloglines.com,677169247838988649
227,doctor,Georgeanna Lamberton,42,074 Maryland Parkway,92,Huqiu,China,336-182-7993,glamberton6a@craigslist.org,3583780358800213
228,ms,Dolley Ludvigsen,21,53883 Arrowood Hill,71,Mataya,Philippines,509-642-3664,dludvigsen6b@cbslocal.com,3567529367676381
229,ms,Eula Maciunas,1,9 Forest Run Circle,21,Zhangxi,China,714-997-3305,emaciunas6c@wiley.com,3541813613802095
230,doctor,Stanleigh Donaghie,76,0288 Lillian Hill,25,Salta,Argentina,888-287-7787,sdonaghie6d@stanford.edu,6771990293589690661
231,mr,Aubry Coutthart,50,09116 Russell Lane,68,Masaran,Indonesia,415-650-0902,acoutthart6e@buzzfeed.com,3584269927937465
232,mr,Nellie Bradnum,24,26 Dawn Center,84,Conception Bay South,Canada,728-160-7682,nbradnum6f@independent.co.uk,6388261337197146
233,mr,Gerianne Sherland,23,722 Russell Pass,11,Egbe,Nigeria,966-932-9480,gsherland6g@intel.com,5602217703894486
234,ms,Jilli D'Almeida,34,91431 Longview Way,7,Sumberbakti,Indonesia,990-487-4831,jdalmeida6h@hatena.ne.jp,490511785459756145
235,doctor,Otho Cecchetelli,17,0895 Pawling Alley,15,Longfengshan,China,156-633-5358,ocecchetelli6i@privacy.gov.au,201539244037606
236,ms,Delmar Moehle,38,0862 Northfield Court,94,Volzhskiy,Russia,446-693-6403,dmoehle6j@thetimes.co.uk,3558775565663199
237,ms,Auberon Poli,8,42396 Lien Court,5,Panggungwinong,Indonesia,235-704-2013,apoli6k@google.com.hk,6331100836605464
238,mr,Laurene Kaindl,87,740 Upham Pass,1,Peuhaq,Indonesia,669-400-9525,lkaindl6l@ca.gov,374283061199873
239,ms,Jamison Kaspar,16,600 Prairie Rose Drive,91,Taiping,China,638-222-0144,jkaspar6m@elpais.com,3573090480887225
240,ms,Homerus Welsh,47,0085 Ludington Road,44,Isiolo,Kenya,836-650-1671,hwelsh6n@dagondesign.com,490552733012465960
241,doctor,Alys Varley,90,02 Clemons Street,36,Resplendor,Brazil,887-445-8099,avarley6o@miibeian.gov.cn,63041703749711972
242,ms,Derk Dohrmann,82,43262 Knutson Lane,68,Ban Lam Luk Ka,Thailand,139-505-2803,ddohrmann6p@ca.gov,6762009241502259138
243,doctor,Raoul Gatward,99,901 Stuart Point,19,Panggulan,Indonesia,233-880-7311,rgatward6q@imgur.com,3546204121703311
244,mr,Kellyann Jarnell,78,0 Judy Alley,27,Dębica,Poland,125-989-5803,kjarnell6r@uol.com.br,67099838615347378
245,ms,Jaquenette Hakes,42,44 Eagle Crest Avenue,7,Saint Louis,United States,314-239-7836,jhakes6s@ucoz.ru,3582043806407912
246,doctor,Trudy Cakes,36,210 Londonderry Terrace,20,Tungao,Philippines,798-578-4434,tcakes6t@scribd.com,633378818172382688
247,mr,Sella Gather,97,42 Waywood Street,5,Pīr jo Goth,Pakistan,156-785-1268,sgather6u@patch.com,5893060261337514739
248,ms,Ransell Joinsey,60,6225 Wayridge Pass,41,Sliema,Malta,893-686-6606,rjoinsey6v@clickbank.net,3556642455036005
249,doctor,Allyce McGinly,68,673 Monica Road,56,Ipatinga,Brazil,759-498-7637,amcginly6w@weibo.com,374537994458080
250,ms,Kalinda Kubin,19,478 Shasta Alley,83,Itbayat,Philippines,214-201-7441,kkubin6x@usda.gov,6331104472349708221
251,doctor,Gregoor Napoleon,64,11614 Buhler Crossing,88,Bantarpanjang,Indonesia,260-423-4932,gnapoleon6y@diigo.com,3564589781551068
252,ms,Lynnea Bister,62,327 Larry Point,22,Dianwan,China,301-803-9569,lbister6z@canalblog.com,491169154996139567
253,mr,Murial Vedishchev,48,59 Maywood Court,37,Mawza‘,Yemen,362-322-8338,mvedishchev70@merriam-webster.com,5100176775655091
254,mr,Morie Harman,13,4493 Sundown Pass,34,Arruda dos Vinhos,Portugal,547-744-0163,mharman71@last.fm,5551136994470791
255,doctor,Dionne Sherrin,9,7 8th Court,49,Lagoa Seca,Brazil,727-223-6535,dsherrin72@tripod.com,3565714818524362
256,ms,Clementina Thorburn,68,71305 Thackeray Circle,88,Reuleuet,Indonesia,185-117-6974,cthorburn73@mysql.com,3568538908761965
257,mr,Dalenna Oppery,92,7 Eliot Point,59,Tangnanzhen,China,339-777-5870,doppery74@mozilla.com,6761609514603060704
258,mr,Reggis Martinez,29,44133 Portage Way,48,Laslovo,Croatia,149-283-5864,rmartinez75@webs.com,3549241095185023
259,doctor,Alica Pheasant,39,90798 Farragut Road,21,Veliki Preslav,Bulgaria,738-470-7158,apheasant76@cmu.edu,3583817279900001
260,doctor,Thatcher Dutch,78,165 Union Drive,38,Chigang,China,320-659-5605,tdutch77@arstechnica.com,5100143412867406
261,ms,Una Ricker,69,77 Dryden Center,40,Ajax,Canada,126-255-2580,uricker78@gmpg.org,3544752996624352
262,doctor,Janaya Zanolli,91,90367 Toban Way,38,Saint Louis,United States,314-623-2173,jzanolli79@storify.com,5100130204866993
263,doctor,Padriac Kohler,7,932 Sage Circle,59,Nové Strašecí,Czech Republic,757-945-6267,pkohler7a@marketwatch.com,5893483372239103783
264,doctor,Annamarie Bales,42,7421 Anthes Park,69,Songdong,China,890-392-6568,abales7b@house.gov,201461235960060
265,mr,Maury Stowte,89,5 Fulton Lane,76,Belogorsk,Russia,995-154-7753,mstowte7c@reuters.com,5893636990363943413
266,ms,Belia Calafato,42,009 Pawling Circle,70,Igarapé Miri,Brazil,931-540-5551,bcalafato7d@about.com,3545852192908218
267,ms,Julio Besset,63,161 Kropf Parkway,5,Strellc i Ulët,Kosovo,746-582-2587,jbesset7e@ow.ly,5048374391630235
268,ms,Violette Jesper,48,30 Victoria Terrace,6,Sotteville-lès-Rouen,France,152-734-4574,vjesper7f@opera.com,677138276063927483
269,doctor,Seth Ozelton,46,2 Ronald Regan Plaza,40,Jianshan,China,905-178-2379,sozelton7g@clickbank.net,6333333639741842
270,mr,Beaufort Camies,85,781 Golf View Place,80,Sukamenak,Indonesia,863-455-7071,bcamies7h@godaddy.com,5610908764775404
271,mr,Clovis Melchior,62,8 Loftsgordon Park,62,Phu Sang,Thailand,815-298-6793,cmelchior7i@bbc.co.uk,3565751261477524
272,doctor,Gerhard Juzek,98,00 Farragut Way,75,Phú Khương,Vietnam,726-731-2729,gjuzek7j@webnode.com,4175004995260968
273,mr,Aldrich Grewe,13,7 Holy Cross Trail,19,Rio Branco do Sul,Brazil,795-996-2596,agrewe7k@unc.edu,36531376786143
274,ms,Georgeanne Pietrzyk,34,808 Express Parkway,53,Baie-Saint-Paul,Canada,700-700-2809,gpietrzyk7l@hexun.com,30340596155683
275,doctor,Jacob Gillespey,45,54468 Hovde Lane,94,Inta,Russia,574-779-8466,jgillespey7m@china.com.cn,5007666736902693
276,doctor,Conrade Swainston,11,21817 Sunbrook Plaza,23,Barrhead,Canada,529-268-4372,cswainston7n@theglobeandmail.com,344163273318650
277,ms,Bard Kain,18,757 Monica Trail,32,Huilong,China,224-920-7147,bkain7o@wp.com,3569900022208092
278,ms,Devlin Hanlon,56,38 Mallard Lane,93,Guangyuan,China,287-991-1382,dhanlon7p@simplemachines.org,3542951355773386
279,mr,Dagmar Portt,37,029 Dapin Way,61,Ntsoudjini,Comoros,187-115-0696,dportt7q@phoca.cz,3546825069668080
280,ms,Florri Haxby,50,9 Corben Pass,14,Calauag,Philippines,281-974-4345,fhaxby7r@paypal.com,5459483075332893
281,ms,Kirstyn Rubinchik,87,34338 Pierstorff Court,75,Propriá,Brazil,947-995-7145,krubinchik7s@psu.edu,3582833252100320
282,ms,Dominique Geistbeck,54,3849 Bayside Pass,93,Akankpa,Nigeria,193-907-2340,dgeistbeck7t@ow.ly,67099632204172549
283,ms,Sara-ann Bomb,75,0 Fuller Place,57,Foshan,China,423-691-3377,sbomb7u@simplemachines.org,3545660188237439
284,mr,Cam Rummings,6,7636 Russell Plaza,10,Aghavnatun,Armenia,646-929-5104,crummings7v@sbwire.com,6762055324955003642
285,ms,Hewet Salandino,70,12340 Anderson Drive,87,Ayia Napa,Cyprus,353-308-6924,hsalandino7w@nationalgeographic.com,6334588886084183
286,doctor,Amil Beddin,70,81283 Mallard Hill,8,Vodnyy,Russia,358-933-2918,abeddin7x@howstuffworks.com,5002354037007547
287,doctor,Derk McAline,97,1700 Continental Center,13,Cikaso,Indonesia,280-456-1589,dmcaline7y@arstechnica.com,5048373387047792
288,mr,Gerty Leworthy,61,7097 East Circle,64,Ashton,South Africa,629-332-6755,gleworthy7z@flickr.com,3533722283428265
289,mr,Rosabel Pether,74,37443 Buhler Court,81,Vällingby,Sweden,210-449-3443,rpether80@google.co.jp,337941159613867
290,mr,Debee Heake,15,021 Dayton Junction,59,Sutton,Ireland,254-592-6463,dheake81@booking.com,201911566542192
291,ms,Philippa Mitchenson,35,2 Cardinal Drive,14,Oslo,Norway,578-943-6894,pmitchenson82@ed.gov,676774241170685938
292,mr,Morissa Sargison,77,3 Raven Hill,44,Lago dos Rodrigues,Brazil,276-951-8203,msargison83@parallels.com,3560363157558204
293,doctor,Ryun Iacobucci,22,33006 Laurel Terrace,8,Lenakapa,Indonesia,266-562-4744,riacobucci84@ibm.com,3530037106529493
294,mr,Bendick Petofi,48,29635 Johnson Pass,48,Kladi,Indonesia,662-752-3202,bpetofi85@addtoany.com,372301965627914
295,mr,Cosetta Vodden,89,04 Mcguire Point,10,Lalapanzi,Zimbabwe,670-360-1190,cvodden86@yahoo.com,4936689864475109
296,ms,Estevan Fillary,93,4532 Grover Road,25,Fangqiang,China,610-523-9729,efillary87@forbes.com,3565562055266969
297,ms,Min Fleckney,7,3 Porter Avenue,33,Curry,Philippines,912-998-4181,mfleckney88@purevolume.com,3583421429365338
298,doctor,Dorella Merredy,34,938 Troy Alley,49,Viana do Castelo,Portugal,236-999-5743,dmerredy89@angelfire.com,5010121276921989
299,ms,Desi Beamand,29,07 Sachtjen Crossing,51,Lokwabe,Botswana,528-347-7740,dbeamand8a@qq.com,3560467199954386
300,mr,Blondie Chicchetto,58,04 Tomscot Terrace,91,Qiaole,China,736-384-7682,bchicchetto8b@blinklist.com,30066846394042
301,ms,Marilee Wolsey,3,32 Rowland Point,91,Tanarara,Indonesia,258-983-6026,mwolsey8c@hc360.com,5100146407120715
302,ms,Aprilette Bloschke,12,8136 Summit Crossing,27,Sapotskin,Belarus,400-405-0710,abloschke8d@twitpic.com,3557546697087784
303,mr,Godfrey Beal,14,4728 Bowman Hill,12,Gaojingzhuang,China,662-730-9337,gbeal8e@google.it,3571302274004541
304,ms,Lynnette Ballin,65,7013 Mandrake Avenue,60,Minsk,Belarus,763-102-2956,lballin8f@tinypic.com,3561761432192559
305,doctor,Ammamaria Matthaus,8,78401 Emmet Street,70,Bungtiang Barat,Indonesia,276-104-9020,amatthaus8g@sourceforge.net,3536440516704264
306,doctor,Morse Metzke,8,0 6th Street,77,Safotu,Samoa,221-399-8213,mmetzke8h@wikipedia.org,5602247745465672
307,doctor,Layla Beckers,13,51 Hermina Place,17,Shūkat aş Şūfī,Palestinian Territory,219-761-0117,lbeckers8i@google.fr,3538742644263305
308,ms,Arthur Fairbridge,90,2611 Portage Terrace,72,Shashi,China,711-690-6921,afairbridge8j@ezinearticles.com,4026493012395645
309,ms,Estele Eagger,2,94 Melvin Trail,83,Ganjaran,Indonesia,848-802-1770,eeagger8k@simplemachines.org,3536078045166926
310,ms,Kathye Kingsland,63,67 Lakeland Trail,78,Várzea,Portugal,771-681-8352,kkingsland8l@livejournal.com,6386520786394849
311,mr,Lesley Korlat,34,6495 Hansons Road,63,Culubasa,Philippines,225-622-1132,lkorlat8m@geocities.com,4913710559909116
312,ms,Kirsten Vidler,98,54 Dapin Lane,62,Nicosia,Cyprus,914-410-9124,kvidler8n@yale.edu,3583577526054107
313,mr,Dena Hrycek,14,94404 Hansons Court,52,Tucuruí,Brazil,108-915-7033,dhrycek8o@pcworld.com,3583860480263710
314,doctor,Eilis Fender,45,036 Bluestem Park,24,Kosmach,Ukraine,806-813-7198,efender8p@usa.gov,3549569686314283
315,doctor,Derek Tevelov,88,97 Springs Parkway,35,McKinley,Philippines,412-176-8752,dtevelov8q@fotki.com,3547934999333473
316,doctor,Constancia Hamlington,77,03 Lyons Junction,90,La Libertad,Ecuador,786-190-6501,chamlington8r@sina.com.cn,5007661875733322
317,mr,Dulce Wale,54,53 Surrey Parkway,58,Rakvere,Estonia,208-298-0356,dwale8s@va.gov,4175008760705313
318,doctor,Nataniel Grimsley,9,9277 Esker Trail,52,Oja,Indonesia,436-307-1147,ngrimsley8t@godaddy.com,4844888057201238
319,ms,Lani Iacopo,12,840 Dwight Pass,1,Sumberjo,Indonesia,770-955-9615,liacopo8u@cisco.com,201504417425525
320,ms,Pebrook Swaton,85,9 Kropf Junction,9,Tiemen,China,485-557-4895,pswaton8v@mashable.com,5602255138140190
321,doctor,Kore Lawrey,96,9817 Veith Drive,69,Shemonaīkha,Kazakhstan,475-850-4370,klawrey8w@rediff.com,3564192076375788
322,doctor,Clare Davidofski,86,7637 Schiller Center,94,‘Amrān,Yemen,931-332-6999,cdavidofski8x@github.com,349129743212968
323,mr,Charleen Pendlenton,28,9 Fairfield Court,60,Kiihtelysvaara,Finland,286-254-0852,cpendlenton8y@themeforest.net,3539971195758913
324,doctor,Archaimbaud Cassey,37,15 Petterle Alley,31,Yambrasbamba,Peru,589-578-9750,acassey8z@miitbeian.gov.cn,6379589540586064
325,mr,Lexie Runnicles,3,057 Loeprich Trail,80,Jiulong,China,200-332-2454,lrunnicles90@exblog.jp,4026511629889906
326,mr,Burgess Alyutin,33,61 Sycamore Lane,87,Bhalwāl,Pakistan,482-915-9638,balyutin91@imdb.com,4913437067768525
327,doctor,Levon Scotter,27,15767 Bunker Hill Junction,51,Ketawang,Indonesia,677-845-6286,lscotter92@csmonitor.com,490505726064407433
328,ms,Lesly Imore,42,72 Stang Place,40,Olovyannaya,Russia,131-779-9581,limore93@slate.com,3583217335015680
329,ms,Almeda Isenor,34,0455 Blaine Point,34,Duboka,Serbia,724-617-2987,aisenor94@sbwire.com,3571877718114428
330,mr,Justinn Berndt,90,810 Sunfield Terrace,2,Jifeng,China,199-248-7534,jberndt95@surveymonkey.com,3565530042022738
331,doctor,Nanete Cornner,19,132 Texas Way,78,Al Ḩawāmidīyah,Egypt,834-924-2235,ncornner96@desdev.cn,3575369225760154
332,doctor,Elfreda Baudet,54,4794 Spenser Place,28,Pilaya,Bolivia,479-602-7276,ebaudet97@blogspot.com,5007664259837115
333,ms,Jermayne Daintrey,24,0 Shasta Point,12,Villeurbanne,France,763-529-8118,jdaintrey98@naver.com,3562097438290546
334,ms,Andra Olech,95,669 Drewry Parkway,52,Kombapari,Indonesia,748-959-3640,aolech99@lycos.com,3585043792901032
335,ms,Kevin Handman,14,82829 Warrior Point,47,Cox’s Bāzār,Bangladesh,736-420-4020,khandman9a@technorati.com,5161008221234328
336,ms,Chilton Springham,18,476 Swallow Plaza,29,Kalasin,Thailand,579-577-6838,cspringham9b@abc.net.au,3573952241652851
337,ms,Hedwiga Petigrew,7,183 Hoffman Place,5,Licun,China,455-878-6564,hpetigrew9c@over-blog.com,3580537569331815
338,mr,Elvis McIlwain,33,89 Debra Trail,24,Brejieira,Portugal,333-152-1859,emcilwain9d@globo.com,5007660027627911
339,ms,Corby Simester,2,485 Northport Place,8,Parse,Indonesia,879-635-4070,csimester9e@cbc.ca,30414641257420
340,doctor,Prudy Tubby,53,3532 Banding Park,50,Kuroiso,Japan,876-202-6002,ptubby9f@t-online.de,30341177661214
341,doctor,Theda Gegg,54,834 Goodland Court,18,Brzączowice,Poland,506-745-4910,tgegg9g@paypal.com,5007663600504085
342,mr,Aigneis Goch,7,18 Anderson Place,79,Cikadu,Indonesia,544-858-8125,agoch9h@cdc.gov,3539571124398003
343,ms,Gabie Hollow,14,418 Bluestem Crossing,15,Gornja Koprivna,Bosnia and Herzegovina,576-582-8302,ghollow9i@uol.com.br,67630647979241283
344,mr,Roderick Littledyke,67,052 Meadow Ridge Junction,72,Milići,Bosnia and Herzegovina,622-549-7812,rlittledyke9j@weather.com,36156013844301
345,ms,Norbie Poznanski,34,6862 Hermina Court,1,Rublëvo,Russia,348-161-9686,npoznanski9k@guardian.co.uk,3528008658140579
346,ms,Smitty Matic,38,63 Stuart Center,64,Daoqiao,China,961-673-9067,smatic9l@51.la,5602236369781886
347,ms,Julina Sharma,20,03 Pine View Way,19,Vrbice,Czech Republic,490-227-1120,jsharma9m@baidu.com,3557188152164681
348,ms,Candie Carah,79,6018 Laurel Drive,38,Hanjiashu,China,598-410-8135,ccarah9n@indiegogo.com,3580987530635051
349,ms,Noni Agirre,89,9 Algoma Plaza,41,Skoútari,Greece,874-205-5868,nagirre9o@ocn.ne.jp,3549171265414491
350,ms,Ashly Frigot,99,4646 Sachs Terrace,86,Krajan Puger Wetan,Indonesia,388-685-6899,afrigot9p@google.co.uk,5602218788075868
351,ms,Frank Purse,14,31530 Kropf Court,10,Xiaodukou,China,477-281-7841,fpurse9q@behance.net,5602227315731653
352,doctor,Man Haselgrove,93,3551 Division Avenue,50,Umabay,Philippines,700-349-5778,mhaselgrove9r@dell.com,5048378587539167
353,ms,Craig Coughan,74,7668 Elka Place,72,Villa Santa Rita,Argentina,754-368-2193,ccoughan9s@wikimedia.org,3564109434415528
354,doctor,Shalne De la Barre,86,13 Burning Wood Point,13,Kashiwa,Japan,830-362-3167,sde9t@theatlantic.com,3569816279907436
355,ms,Sherri Cowden,49,900 Rockefeller Park,64,Vila Verde,Portugal,805-624-0556,scowden9u@shutterfly.com,5602223787327096
356,ms,Olivier Lowther,65,904 Banding Point,72,Carot,Philippines,444-131-3853,olowther9v@trellian.com,3532775564946000
357,doctor,Ellynn Jossum,97,867 Westerfield Pass,89,Carlos Barbosa,Brazil,807-135-3333,ejossum9w@fotki.com,676780617142656366
358,doctor,Timmie Pledge,18,6430 Pond Terrace,42,Zhulin,China,776-880-9594,tpledge9x@blog.com,5129736873547867
359,ms,Coralyn Danigel,10,37989 Crownhardt Pass,9,Mahates,Colombia,175-320-4000,cdanigel9y@mozilla.com,560222005253533321
360,mr,Daron Strain,80,1402 Paget Center,25,San Benito Abad,Colombia,182-675-4942,dstrain9z@livejournal.com,5602232400705810
361,ms,Geoffry Steen,29,05 Fallview Junction,11,Merik,Indonesia,629-354-5588,gsteena0@pcworld.com,4162042324917
362,ms,Say Gregoletti,33,4898 Clarendon Alley,57,Lianhua,China,882-473-6254,sgregolettia1@yale.edu,5100136693963175
363,ms,Danny Birth,28,597 1st Street,30,Shishan,China,133-160-4322,dbirtha2@sbwire.com,337941650246746
364,mr,Lucien Kardos,47,034 Buell Point,83,Týnec,Czech Republic,739-861-9046,lkardosa3@freewebs.com,30148295631163
365,mr,Town Chessor,50,9 Mayfield Parkway,40,Xiaosong,China,688-444-3743,tchessora4@gravatar.com,4551110388624
366,doctor,Annalee Dyer,6,0 Thompson Place,31,Prince Albert,Canada,358-494-3743,adyera5@blogger.com,4508048694255702
367,doctor,Jewelle Collymore,58,0 Mockingbird Pass,8,Zhangcun,China,681-297-8671,jcollymorea6@zdnet.com,5602256358104239
368,doctor,Ronny Pietsma,97,16588 Coleman Street,11,Petrolina de Goiás,Brazil,222-173-4864,rpietsmaa7@unesco.org,3561101650345565
369,mr,Bartholomew Mathwin,54,28 Bowman Alley,2,Tangkil,Indonesia,611-803-3211,bmathwina8@1688.com,4175003890075547
370,mr,Nanete Medgwick,90,913 Pierstorff Parkway,54,Gapuk,Indonesia,705-430-7945,nmedgwicka9@sciencedaily.com,4911384043877153106
371,ms,Fransisco Ofener,5,0 Transport Point,22,Chechenglu,China,362-601-5639,fofeneraa@ow.ly,5602259036838921
372,doctor,Theda Sicily,17,3687 Sutteridge Center,65,Gaogu,China,577-165-3882,tsicilyab@mozilla.org,3584480545582654
373,doctor,Rooney Vaadeland,35,4636 Anthes Hill,2,Pamedilan,Indonesia,499-359-8199,rvaadelandac@princeton.edu,201529019107049
374,ms,Gerty Geyton,41,431 Sauthoff Hill,59,Maukaro,Indonesia,862-864-3561,ggeytonad@com.com,371936037786551
375,doctor,Kimberlyn Lycett,70,41190 Delladonna Park,89,Kavarna,Bulgaria,911-139-2977,klycettae@latimes.com,374917012969492
376,doctor,Reed Durdy,12,23523 Calypso Street,3,San José de Cusmapa,Nicaragua,236-498-1349,rdurdyaf@marketwatch.com,3581631181817647
377,doctor,Eula Parrot,90,4199 Jay Trail,100,Brodek u Přerova,Czech Republic,507-769-6914,eparrotag@themeforest.net,5485981673560961
378,doctor,Greer Rushford,98,37 Anthes Trail,55,Hechun,China,799-759-5975,grushfordah@dailymotion.com,3571365819546144
379,mr,Sebastian Waddingham,59,877 Lindbergh Park,34,Kufa,Iraq,117-951-4315,swaddinghamai@guardian.co.uk,5602258465712425
380,mr,Marty Dorking,84,2 Gina Way,31,Buyant,Mongolia,660-169-3390,mdorkingaj@parallels.com,6304484976137717
381,ms,Darline Prowse,36,24 Shopko Street,72,Angkahgede,Indonesia,876-964-4003,dprowseak@surveymonkey.com,30327362932718
382,ms,Antonella Sayles,91,18572 Ryan Court,86,Skolkovo,Russia,430-694-4284,asaylesal@vistaprint.com,3579010008450524
383,doctor,Shellysheldon Burdin,24,80 Pleasure Avenue,63,Połajewo,Poland,229-580-8770,sburdinam@purevolume.com,4017950141404888
384,ms,Egor Gamell,100,67 Porter Center,62,Hevlín,Czech Republic,668-167-1582,egamellan@cisco.com,5602234877994539
385,mr,Maggie Waddicor,53,3 Reinke Hill,68,Viangxai,Laos,195-719-9343,mwaddicorao@tripadvisor.com,201540645350317
386,doctor,Clementine Sheddan,53,17000 Drewry Drive,28,Mingjiu,China,160-403-4179,csheddanap@1688.com,201431687806426
387,mr,Laure Pratten,45,27 Ridgeway Parkway,35,Profítis Ilías,Greece,477-661-0177,lprattenaq@nps.gov,3534997833122753
388,doctor,Lois Boots,100,6378 Commercial Pass,61,Nagorsk,Russia,235-721-8441,lbootsar@apple.com,3561981617794389
389,mr,Hallie Heikkinen,67,91526 Maple Street,85,Przewóz,Poland,663-667-5786,hheikkinenas@telegraph.co.uk,3566285182153525
390,doctor,Klara Cicerone,70,75648 Mitchell Lane,80,Tepal,Indonesia,852-880-6928,kciceroneat@chicagotribune.com,50189445944011456
391,mr,Valentia Geri,31,15149 Buena Vista Point,34,Nàng Mau,Vietnam,462-935-1060,vgeriau@redcross.org,5610003016613247
392,mr,Moore Loan,97,65798 Prairieview Crossing,98,Estevan,Canada,962-652-4731,mloanav@jugem.jp,36641597243004
393,doctor,Corilla Filler,16,567 Cherokee Alley,87,Köln,Germany,614-536-4205,cfilleraw@berkeley.edu,201804717868014
394,mr,Gayle Ockleshaw,2,7802 Summer Ridge Avenue,24,Słubice,Poland,460-171-1419,gockleshawax@apache.org,3570418694526193
395,ms,Milzie Ivanisov,52,921 Glendale Avenue,64,Trondheim,Norway,892-730-8460,mivanisovay@mtv.com,3532845866724015
396,doctor,Kelcie Heminsley,10,556 Knutson Way,96,Padangbai,Indonesia,283-398-9211,kheminsleyaz@nih.gov,3580035962162341
397,mr,Nonnah Tumber,65,30 Farmco Pass,13,Illela,Nigeria,744-904-8311,ntumberb0@example.com,201412714794447
398,mr,Samaria Huckle,63,636 Scoville Lane,82,Cisaro,Indonesia,446-308-1900,shuckleb1@google.ru,3539602987099691
399,ms,Sheilakathryn Launchbury,77,36 Schmedeman Drive,31,Dinalongan,Philippines,562-961-6828,slaunchburyb2@com.com,67712434292402178
400,doctor,Chucho Grishenkov,79,9 Troy Crossing,34,Mancha Khiri,Thailand,709-486-4200,cgrishenkovb3@gov.uk,56022425244727355
401,mr,Waite Crummey,8,8 Old Gate Junction,81,Nová Cerekev,Czech Republic,540-711-0071,wcrummeyb4@seattletimes.com,4905290741777481
402,mr,Dianne Crace,7,941 Clemons Avenue,11,Sagasa,Philippines,625-957-8214,dcraceb5@clickbank.net,6334459435571103952
403,ms,Harmonia Frayne,93,7 Russell Hill,65,San Pedro Sacatepéquez,Guatemala,261-792-6635,hfrayneb6@sphinn.com,6763349999670610
404,ms,Bonny Culver,28,45256 Barby Junction,41,Sibulan,Philippines,697-452-3043,bculverb7@icq.com,374283719080269
405,mr,Pepita Bebis,63,29805 Towne Place,55,Fuli,China,441-690-7513,pbebisb8@ucoz.com,3558713532530290
406,ms,Rozamond Malarkey,65,0 Summit Lane,93,Khayr Kōṯ,Afghanistan,846-896-3171,rmalarkeyb9@tuttocitta.it,3548579798321317
407,ms,Ernaline D'Alwis,19,144 Arrowood Hill,26,Sao Hai,Thailand,358-439-7028,edalwisba@npr.org,676146017105598995
408,doctor,Gwenneth Dundridge,53,9840 Fairfield Alley,93,Geshan,China,451-385-6756,gdundridgebb@feedburner.com,3555410596844484
409,mr,Monty Deadman,73,3 Onsgard Alley,66,Tongjin,South Korea,978-836-4598,mdeadmanbc@yandex.ru,5048376039818775
410,mr,Berny Durling,58,14 American Crossing,50,Dougang,China,619-181-6765,bdurlingbd@arstechnica.com,3584143886354071
411,doctor,Fannie Garn,83,70 Waxwing Park,83,Shiree,Mongolia,391-863-6331,fgarnbe@wisc.edu,5010127128054630
412,doctor,Sabine Kort,19,5869 Carioca Lane,22,Novokizhinginsk,Russia,689-103-6974,skortbf@ehow.com,5007663925532019
413,ms,Grier Bohling,59,8907 Porter Hill,70,Vicente Guerrero,Mexico,708-299-6197,gbohlingbg@ca.gov,633110444979358103
414,ms,Pollyanna McShane,92,878 Forest Run Avenue,73,Cristóbal,Dominican Republic,363-151-5002,pmcshanebh@paypal.com,374283470936295
415,mr,Zack Doutch,71,15217 Scoville Parkway,20,Moneague,Jamaica,608-456-8242,zdoutchbi@amazon.com,676792387662241314
416,ms,Frasquito Faithfull,31,2870 Rieder Place,36,El Pino,Dominican Republic,157-242-8653,ffaithfullbj@disqus.com,5434847189500589
417,mr,Ingunna Wadelin,6,029 Trailsway Street,54,Garhi Yāsīn,Pakistan,606-864-0089,iwadelinbk@shinystat.com,675902971827348756
418,ms,Christie Ritchley,9,7564 Clyde Gallagher Avenue,44,Pécs,Hungary,211-402-8072,critchleybl@accuweather.com,6333518164565059
419,ms,Cariotta Tipens,100,9527 Charing Cross Lane,37,Pokrovskoye-Streshnëvo,Russia,875-281-7950,ctipensbm@sogou.com,6374837244107249
420,doctor,Neila Broadbear,62,25782 Mifflin Junction,86,Vrbovec,Czech Republic,293-358-9145,nbroadbearbn@photobucket.com,3547096245408093
421,doctor,Demott Fallowes,100,6787 Dexter Junction,56,Palkovice,Czech Republic,366-305-9031,dfallowesbo@friendfeed.com,3568709983847876
422,ms,Karna Bellay,87,6 Harbort Point,69,Sidi Lamine,Morocco,515-738-3202,kbellaybp@hugedomains.com,3588236655020976
423,mr,Shawn Wenban,55,65183 Fieldstone Pass,43,Daqiao,China,660-915-9098,swenbanbq@multiply.com,6373068937755489
424,doctor,Tiffany Wiltsher,89,35 Raven Park,69,Dailekh,Nepal,373-850-1320,twiltsherbr@ucoz.ru,3544731724897928
425,doctor,Mitch Meech,52,7684 Granby Road,84,Žabljak,Montenegro,978-287-6990,mmeechbs@ehow.com,56102517705563015
426,doctor,Loutitia Steinor,63,183 Hazelcrest Alley,81,Guimarei,Portugal,644-504-1286,lsteinorbt@about.com,5100131678445926
427,doctor,Hattie Applin,16,10538 Melrose Street,5,Hubynykha,Ukraine,193-819-9434,happlinbu@newsvine.com,4405283457930308
428,mr,Ruperto Cotherill,35,78435 Myrtle Point,15,Xinglong,China,684-456-2876,rcotherillbv@dailymotion.com,3539739425144828
429,doctor,Cassi Andersch,99,47246 North Street,56,Chantilly,France,986-545-7436,canderschbw@ft.com,633110910810236922
430,mr,Rusty Romeuf,28,0352 Forster Trail,14,Ang Thong,Thailand,302-919-3975,rromeufbx@acquirethisname.com,201507718477582
431,doctor,Mariam Jocelyn,77,381 Stoughton Street,2,Temblador,Venezuela,736-176-7340,mjocelynby@toplist.cz,6304529122338349495
432,ms,Mathias Lombardo,73,379 Thierer Crossing,30,Guji,China,958-457-5695,mlombardobz@discuz.net,493699705641321721
433,ms,Horatio Martel,30,25120 Mallory Street,96,Surulangun Rawas,Indonesia,114-688-2611,hmartelc0@state.gov,3575194886630730
434,mr,Leroy Prichet,43,2224 Springview Street,72,Sololá,Guatemala,406-138-7470,lprichetc1@patch.com,3581041989504050
435,mr,Dagmar Middler,45,618 Becker Pass,6,Al ‘Āliyah,Tunisia,221-719-7429,dmiddlerc2@jugem.jp,5641820050683205
436,ms,Tim Pinor,74,21860 Sunnyside Road,3,Melaka,Malaysia,164-745-6822,tpinorc3@paginegialle.it,3577083796098351
437,mr,Becka Lannon,76,86 Northridge Terrace,6,Tanza,Philippines,393-705-5697,blannonc4@yandex.ru,3570863626045285
438,doctor,Isabella Viegas,20,4927 Mifflin Circle,20,Markópoulo,Greece,821-453-4935,iviegasc5@photobucket.com,63042152031085035
439,ms,Slade Arias,29,07 Talisman Circle,44,Loureiro,Portugal,674-966-3272,sariasc6@exblog.jp,5602219686797793
440,mr,Linea Lillegard,67,68259 Anzinger Crossing,1,Loreto,Philippines,809-228-4285,llillegardc7@cloudflare.com,3579521836428730
441,doctor,Eartha Lord,5,41 Dayton Point,73,Alfortville,France,135-525-2735,elordc8@multiply.com,30217425606963
442,mr,Kory Lardeux,95,15041 Armistice Road,91,Tanjungluar,Indonesia,165-570-5795,klardeuxc9@mozilla.org,3585160236955489
443,mr,Darlene Jewer,7,201 Washington Trail,27,Nafada,Nigeria,881-877-6279,djewerca@wufoo.com,201470063760096
444,ms,Terrye Lark,21,2884 Esker Hill,80,Miranda,Colombia,995-618-3635,tlarkcb@nifty.com,3579303887849480
445,doctor,Dieter Lackinton,72,94 Di Loreto Lane,93,Shuyuan,China,592-798-2669,dlackintoncc@noaa.gov,5410388690715588
446,doctor,Maribelle Parkman,31,35546 Grim Alley,32,Efeng,China,697-599-9217,mparkmancd@feedburner.com,6771532027698981636
447,mr,Sashenka Hunnybun,92,50686 Muir Plaza,66,Muroran,Japan,858-501-9683,shunnybunce@nature.com,3584985323428599
448,mr,Happy Belz,97,0 Spaight Crossing,36,Pofadder,South Africa,644-820-5870,hbelzcf@opensource.org,3546501001943853
449,mr,Ted Terbeck,81,77348 Drewry Trail,59,Ushuaia,Argentina,419-724-0201,tterbeckcg@theguardian.com,201607433736534
450,ms,Abigale Jenteau,95,846 Utah Crossing,79,Tuzha,Russia,151-709-4171,ajenteauch@usgs.gov,3547282221873779
451,doctor,Filberto Benesevich,43,29 Waxwing Junction,87,Yambol,Bulgaria,829-398-0284,fbenesevichci@nytimes.com,3589835248907083
452,mr,Rosemaria Blindmann,30,6008 Butterfield Place,87,Montego Bay,Jamaica,340-548-1404,rblindmanncj@tripod.com,5108758009816284
453,doctor,Daron Linbohm,24,46216 Lakewood Gardens Parkway,50,Kristinehamn,Sweden,344-861-6963,dlinbohmck@utexas.edu,589371007157439207
454,mr,Heath Beades,45,608 Nancy Street,34,Cetinje,Montenegro,677-634-8652,hbeadescl@cbslocal.com,3578821242843436
455,doctor,Bonnibelle Mosen,75,7 Express Point,9,Betim,Brazil,831-272-4672,bmosencm@ftc.gov,3564967755981976
456,mr,Romeo Cutriss,11,864 Manley Road,46,Waingapu,Indonesia,106-846-4859,rcutrisscn@wikimedia.org,3551263742704399
457,ms,Barthel Illyes,6,69 Iowa Place,54,Pobé,Benin,887-944-5975,billyesco@upenn.edu,63047079443352353
458,mr,Charil Bengtsson,100,2118 Hauk Lane,92,Kosh-Agach,Russia,247-190-5452,cbengtssoncp@flickr.com,201649494255392
459,ms,Fayette Abramowitz,98,44 Acker Terrace,31,Haikoudajie,China,779-374-8997,fabramowitzcq@nydailynews.com,3529986449713755
460,ms,Tierney Stopher,82,468 Messerschmidt Alley,49,Helsingborg,Sweden,364-566-8775,tstophercr@nih.gov,5893548611667831818
461,doctor,Josiah Mitroshinov,96,33197 Mariners Cove Parkway,93,Banjar Dukuh,Indonesia,554-267-2580,jmitroshinovcs@ucoz.ru,3588774772490854
462,mr,Kore Freke,57,8 Cottonwood Drive,92,Daireaux,Argentina,515-190-2931,kfrekect@gizmodo.com,3571832954031224
463,mr,Jessamine Buckett,12,96 Bayside Parkway,45,Columbus,United States,614-316-6794,jbuckettcu@twitter.com,5038461290679385900
464,ms,Bondie Caramuscia,80,06483 Hansons Hill,76,Lincheng,China,167-755-3620,bcaramusciacv@europa.eu,3572389648852894
465,doctor,Florian Swiffan,95,028 Lake View Plaza,49,Sacramento,United States,530-140-9090,fswiffancw@jigsy.com,3588636890791374
466,doctor,Ursula Loudwell,56,22 Vera Way,54,Aguilares,Argentina,955-714-1757,uloudwellcx@seattletimes.com,5048375092279966
467,mr,Alano Baswall,22,5 Vahlen Hill,18,Saaban,Philippines,140-319-7945,abaswallcy@phpbb.com,3573236026503806
468,doctor,Ailbert Brahan,13,48 Westridge Trail,38,Brušperk,Czech Republic,180-100-8487,abrahancz@gnu.org,6761586178085886
469,ms,Chen Carrack,47,60331 Thierer Trail,16,Santiago del Estero,Argentina,441-695-8359,ccarrackd0@youtube.com,3586734624188967
470,doctor,Keri Fidal,77,56 Hovde Drive,97,Baiyun,China,950-952-5284,kfidald1@usatoday.com,3582134805993448
471,mr,Chance Cheney,17,146 Golf Road,80,Jiamaogong,China,314-771-9083,ccheneyd2@w3.org,3577466038138921
472,mr,Andrus Hynes,64,5 Sommers Terrace,38,Yuezhao,China,152-953-9284,ahynesd3@toplist.cz,5048375552412768
473,mr,Michael Rosel,61,477 Paget Plaza,97,Wudong,China,843-544-5412,mroseld4@imdb.com,3580444459758423
474,mr,Merridie Graith,10,64 Blackbird Terrace,23,Chicago,United States,630-232-2285,mgraithd5@google.de,4903482301163606
475,ms,Hailey Hoyes,39,9620 Ruskin Circle,42,Tash-Kumyr,Kyrgyzstan,867-860-4626,hhoyesd6@deviantart.com,4905091295909775951
476,doctor,Enoch MacTimpany,67,4 Golf Park,62,Jatiwangi,Indonesia,879-374-1932,emactimpanyd7@ycombinator.com,5154475632442841
477,ms,Obadiah Kliemchen,59,1505 Rusk Drive,56,Shangcheng Chengguanzhen,China,456-192-8666,okliemchend8@e-recht24.de,6333281394313994
478,ms,Amery Slessor,16,40 Bartillon Place,65,Banjaranyar,Indonesia,837-590-7771,aslessord9@prweb.com,3552369187144550
479,mr,Terry Flack,18,6 Huxley Street,65,Qadsīyā,Syria,523-717-5440,tflackda@cdbaby.com,3587713536940185
480,mr,Jorge Ledgley,42,6278 Coolidge Street,33,Hokor,Indonesia,533-868-6244,jledgleydb@harvard.edu,5602258314131892
481,doctor,Benedikta Pedican,1,38424 Westport Hill,65,Hat Yai,Thailand,308-253-7996,bpedicandc@army.mil,564182227860530058
482,doctor,Noelani Bickle,91,2 Di Loreto Parkway,52,Daguo,China,910-140-3573,nbickledd@marketwatch.com,3528587931438850
483,ms,Liana Pennoni,70,7672 Miller Avenue,69,Hamburg Sankt Pauli,Germany,699-639-8664,lpennonide@yellowbook.com,6372498485248960
484,doctor,Dredi Girod,21,92 Manufacturers Avenue,57,Sugcad,Philippines,752-559-6941,dgiroddf@uol.com.br,3556406659675848
485,ms,Westley D'Emanuele,80,0 Starling Crossing,41,Shanguang,China,279-989-5997,wdemanueledg@msu.edu,3586505477057214
486,doctor,Emma Codd,67,2 Porter Drive,61,Cláudio,Brazil,171-726-4885,ecodddh@myspace.com,67093927643297105
487,ms,Jennette Sellstrom,16,5 Pearson Street,70,Sumbergayam,Indonesia,592-171-5180,jsellstromdi@multiply.com,502045886928078157
488,ms,Kellen Bettinson,44,846 Glacier Hill Hill,5,Maicao,Colombia,281-899-2770,kbettinsondj@chron.com,3586112602961145
489,ms,Rodney Bradnocke,10,0 Heath Point,54,Thị Trấn Mường Lát,Vietnam,777-971-5110,rbradnockedk@msu.edu,6384513687959309
490,mr,Farleigh Simmank,15,6712 Anderson Park,80,Lengkeng,China,824-525-8788,fsimmankdl@skyrock.com,3533771286283011
491,mr,Shir Duffield,78,53492 Corben Way,49,Kosong,South Korea,722-279-7641,sduffielddm@imgur.com,3552877545695121
492,mr,Audrey Cowdry,62,4257 Mayfield Pass,72,Tanjung Kidul,Indonesia,898-456-6885,acowdrydn@netlog.com,3555186929290062
493,mr,Ximenes Dunsmore,12,1515 Village Green Parkway,6,Vitória do Mearim,Brazil,967-626-8287,xdunsmoredo@vinaora.com,30371357685097
494,ms,Giorgio Galley,9,081 Holmberg Pass,88,Крива Паланка,Macedonia,465-599-7832,ggalleydp@tamu.edu,3529751581687526
495,ms,Candide Hasnip,96,371 Mariners Cove Court,76,Apongo,Peru,310-185-3818,chasnipdq@imgur.com,3543632031381344
496,doctor,Constantia Leehane,81,17394 Badeau Way,20,Letlhakane,Botswana,680-870-9722,cleehanedr@sohu.com,3566384452975822
497,ms,Denys Owen,50,07 Florence Park,41,Lao Suea Kok,Thailand,859-453-6564,dowends@google.nl,6762896260036443295
498,ms,Chadd Biesty,32,1 Warrior Parkway,93,Quankou,China,467-571-2652,cbiestydt@studiopress.com,670902486411962996
499,doctor,Maurizio Ferenczy,6,9 Buena Vista Road,38,Quinta do Anjo,Portugal,187-521-5742,mferenczydu@sohu.com,3541017118977168
500,mr,Reta Frail,83,18 Esch Pass,39,Shuvakish,Russia,428-634-8341,rfraildv@symantec.com,633411498175094421
