id_visitor,title,fullname,age,address,postal_code,city,country,phone_number,email,credit_card
1,doctor,Eward O'Flaherty,20,4429 Roxbury Plaza,51,Tseel,Mongolia,200-466-7183,eoflaherty0@moonfruit.com,3555159591526436
2,mr,Henriette Powis,69,0 Hayes Lane,15,Mambago,Philippines,525-196-5155,hpowis1@mapquest.com,5206794907527393
3,ms,Kaine Thornber,33,27473 Vermont Crossing,94,Hengshan,China,611-904-5704,kthornber2@time.com,670960792798761649
4,doctor,Sheryl Sergean,52,18 Waubesa Park,79,Zharkent,Kazakhstan,967-121-8068,ssergean3@google.ca,3531012273851250
5,mr,Oralee Giamo,61,2 Warbler Street,45,Balkh,Afghanistan,341-425-3192,ogiamo4@reddit.com,5602211045438771
6,mr,Caitrin Faires,90,671 Superior Avenue,60,Jiangnan,China,911-273-2730,cfaires5@fastcompany.com,490370169328743222
7,mr,Agna Randales,65,9 Pennsylvania Circle,65,Ágios Spyrídon,Greece,797-603-5299,arandales6@mayoclinic.com,5602241773213260
8,doctor,Gonzales Roles,89,750 Washington Pass,32,Kuala Bhee,Indonesia,468-765-1073,groles7@dyndns.org,3574487534663934
9,ms,Wright Mayo,65,9236 Maywood Avenue,30,Kelo,Chad,387-131-7338,wmayo8@prnewswire.com,4905113063076706
10,doctor,Torrin Silcock,37,57 Dayton Pass,79,Terentang,Indonesia,745-112-9760,tsilcock9@weibo.com,5372700051658486
11,doctor,Kelli Pearde,53,8 Welch Way,6,Baler Baleagung,Indonesia,741-959-0496,kpeardea@dropbox.com,5602247594493056
12,ms,Anjela Muggach,87,89 Bobwhite Hill,90,Velikiye Luki,Russia,974-254-9014,amuggachb@istockphoto.com,3560979486708499
13,doctor,Bella Davidek,82,375 Prentice Plaza,33,Yongdeng Chengguanzhen,China,406-145-6841,bdavidekc@time.com,3530551039620245
14,doctor,Michail Uttley,53,87636 Eggendart Terrace,6,Afántou,Greece,238-380-7930,muttleyd@slate.com,3540897194523940
15,ms,Theodora Seatter,37,361 Coleman Place,39,Matatiele,South Africa,883-524-5909,tseattere@nps.gov,3588553517557882
16,mr,Tammi Bryant,68,1 Bultman Court,64,Houyu,China,234-527-9081,tbryantf@umich.edu,3576571165672989
17,ms,Devlen Rockhill,56,0 Hansons Terrace,18,Cikadongdong,Indonesia,207-929-2841,drockhillg@fc2.com,3542222267516218
18,doctor,Mellisa Tabary,34,651 Ryan Center,4,Douniani,Comoros,378-618-5477,mtabaryh@github.io,3556899174225935
19,doctor,Joceline Bilsborrow,12,2 Amoth Way,56,Lüjiabao,China,609-229-8513,jbilsborrowi@studiopress.com,201486860279577
20,doctor,Gus Blose,73,5 Blaine Terrace,64,Llocllapampa,Peru,108-346-6175,gblosej@newyorker.com,3567663026613939
21,ms,Nicki Burbage,86,642 Fremont Park,59,Tejen,Turkmenistan,220-524-5909,nburbagek@xinhuanet.com,560221113431574257
22,doctor,Beaufort Farquhar,60,4863 Hollow Ridge Avenue,38,Chambishi,Zambia,876-246-0914,bfarquharl@alibaba.com,5602221126061338517
23,doctor,Frederic Rackam,95,19 Rutledge Pass,83,Grindavík,Iceland,339-382-5526,frackamm@mlb.com,6706194620241708
24,doctor,Wiatt Duggen,23,43832 Weeping Birch Court,76,Penápolis,Brazil,765-788-2189,wduggenn@blog.com,201518332976461
25,ms,Bibby Gwatkins,13,78 Sachtjen Court,11,Oporapa,Colombia,661-382-9908,bgwatkinso@vistaprint.com,201790510273520
26,doctor,Sela Regitz,95,61741 Knutson Park,51,Ryjewo,Poland,804-689-8020,sregitzp@pen.io,3536825385579286
27,ms,Noreen Lydster,29,239 Stoughton Center,31,Cibaregbeg Dua,Indonesia,702-483-2686,nlydsterq@eventbrite.com,3560985439600220
28,ms,Mair Lochet,31,0952 Burning Wood Avenue,29,Ḩawallī,Kuwait,144-860-6574,mlochetr@meetup.com,4917507740381908
29,mr,Heath Kassidy,91,037 Trailsway Circle,23,Prnjavor,Serbia,769-378-5963,hkassidys@discovery.com,5602252369886773
30,mr,Marie-ann MacGillavery,7,82 Clarendon Center,49,Siikainen,Finland,413-598-1371,mmacgillaveryt@dot.gov,4017957405145
31,mr,Enoch Nitto,69,8683 Eagle Crest Avenue,82,Tuanfeng,China,383-573-9643,enittou@merriam-webster.com,630461643910279739
32,mr,Chase Blaxton,58,747 La Follette Road,83,Timon,Brazil,581-763-2770,cblaxtonv@typepad.com,3577636079778054
33,doctor,Dacia Chettoe,70,2 Barby Parkway,36,Hepu,China,249-461-8008,dchettoew@chron.com,348237878825628
34,doctor,Stormie Highway,14,52656 Sunbrook Alley,1,Mandala,Indonesia,255-129-7110,shighwayx@icio.us,5602214628669051
35,mr,Janna Blesdill,59,1 Di Loreto Trail,42,Siemiechów,Poland,665-973-8092,jblesdilly@wikispaces.com,30426861241561
36,ms,Abbi Haymes,62,4414 Mayfield Trail,55,Jurh,China,277-706-6434,ahaymesz@earthlink.net,3549663068733572
37,ms,Chrisy Mecozzi,35,3 Pierstorff Way,69,Kamyzyak,Russia,198-177-6502,cmecozzi10@archive.org,3548276635460099
38,doctor,Ruthi Dietmar,22,0 Goodland Alley,87,Terong,Indonesia,235-279-2647,rdietmar11@wiley.com,3532365460710252
39,mr,Ingmar Treppas,50,7 Florence Way,13,Asan-Maina Village,Guam,194-364-5129,itreppas12@nytimes.com,491107474189697428
40,doctor,Demetre Piechnik,32,19 Mockingbird Parkway,70,Sorokino,Russia,127-342-0908,dpiechnik13@ezinearticles.com,36621334477883
41,mr,Issie Somers,51,727 Messerschmidt Point,8,Floda,Sweden,675-530-6733,isomers14@indiegogo.com,5571941765336733
42,ms,Sapphire Boich,54,3 Erie Point,11,Tomsk,Russia,757-419-0993,sboich15@oracle.com,6759681556479381
43,ms,Trish Riggey,27,8722 Glacier Hill Court,91,Episkopí,Greece,517-865-3799,triggey16@scientificamerican.com,3545361699472801
44,ms,Alaine Petr,14,19 Westend Point,43,La Luz,Venezuela,370-618-5144,apetr17@mayoclinic.com,5100146850690446
45,ms,Maribeth Edgars,22,8534 Mcguire Pass,13,Lokea,Indonesia,456-607-8627,medgars18@yelp.com,676748732571421751
46,ms,Salli Aldrin,36,1972 Schmedeman Alley,82,Velikooktyabr’skiy,Russia,216-106-8591,saldrin19@is.gd,3559720930254901
47,doctor,Bernhard Galvin,6,775 Westerfield Center,60,Örebro,Sweden,270-739-2622,bgalvin1a@mayoclinic.com,5108758033633648
48,ms,Lonnie Parradye,52,9874 Summit Circle,94,Estelí,Nicaragua,644-851-4221,lparradye1b@ehow.com,3562411523830035
49,mr,Anselm Khotler,24,18 Aberg Lane,68,Saint Ann’s Bay,Jamaica,507-378-8027,akhotler1c@php.net,4913598282813600
50,ms,Marillin Gulliman,56,50347 Bluestem Plaza,69,Gnojnica,Bosnia and Herzegovina,684-778-9103,mgulliman1d@nhs.uk,4017951213795229
51,doctor,Lek Baulcombe,73,767 Fair Oaks Drive,88,Cipolletti,Argentina,108-840-8704,lbaulcombe1e@opensource.org,3573897637907700
52,doctor,Kelbee Baile,37,87 Bayside Parkway,4,Turka,Ukraine,706-902-0674,kbaile1f@bloomberg.com,3565519330893462
53,mr,Gunilla Blondell,21,69005 West Road,59,Leshukonskoye,Russia,957-266-3594,gblondell1g@vimeo.com,3563241303270279
54,doctor,Emmerich Kubiczek,46,011 Saint Paul Park,42,Rossosh’,Russia,825-432-5065,ekubiczek1h@washingtonpost.com,6762409266933085279
55,ms,Augustin Orht,62,127 Northport Parkway,63,Saltsjöbaden,Sweden,841-808-0037,aorht1i@oakley.com,56022399856360799
56,doctor,Arleen Evitt,94,7770 Petterle Street,74,Surkhet,Nepal,261-848-4860,aevitt1j@ameblo.jp,6759096145431837
57,mr,Edin Wayvill,44,104 Old Gate Alley,29,Hrazdan,Armenia,987-412-2938,ewayvill1k@wordpress.com,5048371366708616
58,mr,Isabel Huggins,76,76 Express Junction,87,Krasnyye Barrikady,Russia,403-944-5305,ihuggins1l@timesonline.co.uk,5602247274932266
59,doctor,Odo Laverick,8,88625 Eliot Court,12,Vilar do Monte,Portugal,295-760-4739,olaverick1m@buzzfeed.com,3542838331293615
60,mr,Jerrold Hensmans,95,4357 Elgar Center,65,Pailiao,China,400-569-7478,jhensmans1n@adobe.com,3530972910971392
61,doctor,Cristina Maymond,26,2 Jenifer Park,43,Huiwan,China,552-803-1451,cmaymond1o@google.nl,5641828605984234
62,ms,Kalina Ludwikiewicz,34,2608 Evergreen Lane,75,La Mesa,Mexico,625-523-2820,kludwikiewicz1p@msn.com,6304774343542387
63,ms,Gizela Verring,29,1895 Blue Bill Park Circle,96,Shishi,China,841-827-8980,gverring1q@disqus.com,3581837199858214
64,ms,Sabine Yuille,87,002 Corry Parkway,83,Jinchang,China,362-397-9497,syuille1r@google.es,3554176211904869
65,mr,Tabb Serot,27,4426 Merchant Park,77,Heze,China,838-920-8971,tserot1s@rambler.ru,3535401573763719
66,doctor,Hazlett Dallow,63,9 Jenna Park,68,Huxiaoqiao,China,748-404-2120,hdallow1t@nydailynews.com,5048378699349901
67,ms,Stacie Follet,90,27109 Northland Place,49,Belz,Ukraine,722-994-2464,sfollet1u@purevolume.com,3576961898239042
68,mr,Bernie Blundon,54,69 Onsgard Alley,16,Železná Ruda,Czech Republic,798-942-8449,bblundon1v@miibeian.gov.cn,6767471450453384054
69,mr,Nelia Dakers,75,655 Muir Avenue,68,Trzciana,Poland,634-806-5992,ndakers1w@wordpress.org,5602225815154517
70,ms,Laureen Drogan,43,06479 Summer Ridge Alley,34,Miguel Hidalgo,Mexico,855-710-7768,ldrogan1x@sohu.com,3570772998752131
71,mr,Karie Bails,100,8757 Arizona Hill,26,Mobile,United States,251-442-0738,kbails1y@phoca.cz,5602236122778328
72,mr,Job Brewitt,93,48486 Texas Drive,5,Dzorastan,Armenia,349-583-1530,jbrewitt1z@sun.com,3584696472246423
73,mr,Sammy Hannigane,93,4 Hermina Road,44,Pa Bon,Thailand,105-842-9801,shannigane20@pen.io,5602254011985667086
74,mr,Nomi Stoneham,47,16554 Prairie Rose Trail,71,Xingou,China,176-109-6328,nstoneham21@examiner.com,3537980676420028
75,doctor,Kristel Kopta,85,3535 Dexter Park,96,Tres Isletas,Argentina,440-583-3922,kkopta22@ed.gov,5502249126861553
76,mr,Sharlene Brehaut,100,565 Summit Pass,78,Santa Rosa,Peru,190-650-9088,sbrehaut23@i2i.jp,3537931922777976
77,doctor,Tanner Ricciardiello,23,42315 Comanche Parkway,72,Port Saint John’s,South Africa,610-613-0688,tricciardiello24@exblog.jp,490338345726614550
78,doctor,Whitney MacNess,38,9452 Crownhardt Park,10,Khe Tre,Vietnam,809-502-2633,wmacness25@nbcnews.com,3546655757779224
79,mr,Adrienne Essery,4,735 Farwell Crossing,40,Yayao,China,485-610-1648,aessery26@free.fr,3545867754891438
80,doctor,Billie Vila,96,2 Burning Wood Street,59,Pitalito,Colombia,291-652-0233,bvila27@ucoz.com,3589147778690125
81,ms,Adham Quibell,72,9 Reindahl Trail,87,Zhen’an,China,953-698-1662,aquibell28@webmd.com,6759534585164827313
82,ms,Stevy Spridgeon,24,66 Morningstar Drive,53,Bundoran,Ireland,781-551-2457,sspridgeon29@bing.com,3570947340044375
83,doctor,Binnie Romney,69,823 Tony Hill,67,Tisno,Croatia,970-245-9912,bromney2a@hugedomains.com,4175009887473967
84,ms,Cleo Antonetti,65,1583 Porter Hill,65,Starokucherganovka,Russia,118-826-9577,cantonetti2b@plala.or.jp,3549116328575978
85,doctor,Sherm Balmer,88,07612 Sugar Parkway,29,Nykvarn,Sweden,550-731-9069,sbalmer2c@eepurl.com,3529394447750731
86,doctor,Valeda Batha,22,09 Scoville Hill,51,Haoyi,China,882-357-9225,vbatha2d@bloglines.com,3573839249557481
87,ms,Jennee Mitchiner,88,9900 Grayhawk Plaza,33,Bellavista,Mexico,529-857-2978,jmitchiner2e@youku.com,5602223109080647
88,ms,Jemmie Ozelton,17,9 Swallow Hill,25,Ternopil’,Ukraine,423-953-9784,jozelton2f@example.com,4911929419031786
89,mr,Kelsey Jurgenson,54,4484 Briar Crest Point,16,Wieniawa,Poland,380-875-9926,kjurgenson2g@hao123.com,5108757429084796
90,doctor,Jocelyn Langfat,29,43 Swallow Trail,48,Västerås,Sweden,650-191-9874,jlangfat2h@biglobe.ne.jp,3560455847383116
91,doctor,Randell Dilley,97,04 Menomonie Park,63,Krajan Selatan,Indonesia,729-746-7813,rdilley2i@chronoengine.com,3542586400171499
92,ms,Kendall Espasa,20,9 Lakewood Road,87,Kachia,Nigeria,392-257-6974,kespasa2j@quantcast.com,3575683938940824
93,ms,Roz Ryson,36,1344 Sutherland Center,72,Axili,China,280-844-2091,rryson2k@narod.ru,676793635917627425
94,mr,Myrvyn Harwin,88,53 Petterle Crossing,87,San Juan de Mata,Philippines,180-674-3930,mharwin2l@photobucket.com,3589188288186014
95,ms,Daffy Kingsley,84,488 Lotheville Pass,9,Fundación,Colombia,271-113-1061,dkingsley2m@noaa.gov,6334268690060393024
96,ms,Bella Pracy,95,888 Monterey Road,74,Lengkongbarang,Indonesia,750-201-3995,bpracy2n@whitehouse.gov,5602221101811935086
97,ms,Benedicto Bortoloni,51,8012 Oak Valley Pass,54,Zhenlai,China,658-340-0523,bbortoloni2o@baidu.com,4917305665533086
98,doctor,Noella Gilbane,46,0696 Lunder Street,70,Labinot-Mal,Albania,537-862-1349,ngilbane2p@sun.com,3556879725723554
99,ms,Tedda Garroch,98,33 Oakridge Point,68,Berbérati,Central African Republic,115-734-4074,tgarroch2q@mac.com,3576846285450007
100,doctor,Dalila Bernaldez,25,6 Fieldstone Court,34,Jiuhu,China,706-154-7714,dbernaldez2r@live.com,3562598579938082
101,ms,Birdie Fernanando,75,860 Village Trail,4,Cikou,China,164-456-5183,bfernanando2s@stanford.edu,502052848447309240
102,mr,Langston Grimstead,32,10400 Rowland Junction,33,Komorniki,Poland,514-386-4410,lgrimstead2t@github.io,4041598483536013
103,ms,Radcliffe Motte,23,85533 Meadow Vale Point,79,Hot,Albania,276-825-2014,rmotte2u@ucoz.ru,3580541732217190
104,doctor,Arliene Bauldrey,79,3762 Hermina Avenue,32,Manlucahoc,Philippines,143-369-4043,abauldrey2v@imdb.com,4911484821205487
105,ms,Tybie Howcroft,69,5467 Butternut Park,65,Bintulu,Malaysia,408-248-8068,thowcroft2w@netvibes.com,4026327674607907
106,mr,Janenna Serris,33,8 Transport Road,62,Lazaro Cardenas,Mexico,606-102-1693,jserris2x@mit.edu,3576160832574552
107,mr,Wylie Newbold,64,6 Butterfield Trail,47,Perpignan,France,133-819-1892,wnewbold2y@chicagotribune.com,3553984645382904
108,ms,Aime Bernli,48,7017 Victoria Terrace,51,Chervyen’,Belarus,651-350-2214,abernli2z@google.it,30087053547718
109,ms,Bridget Govini,49,7 Morrow Park,62,Bay Roberts,Canada,673-479-1437,bgovini30@surveymonkey.com,3564690478561632
110,mr,Tallia Duthie,30,1352 Garrison Lane,65,Dawwār Tīnjah,Tunisia,176-220-0240,tduthie31@columbia.edu,4017953450368
111,doctor,Eulalie Garioch,80,250 Erie Avenue,48,Ural,Russia,635-368-9547,egarioch32@biblegateway.com,30331546318380
112,ms,Tanner Stennard,92,68554 Springview Drive,82,Spodnja Hajdina,Slovenia,229-359-4027,tstennard33@taobao.com,4508227205193707
113,doctor,Phip Sieve,58,5084 Autumn Leaf Parkway,72,Fenghuang,China,830-343-3808,psieve34@cocolog-nifty.com,3587235025500767
114,mr,Pascale Cloake,1,4 Golf View Terrace,98,Dallas,United States,214-277-3893,pcloake35@pcworld.com,3572301770627689
115,doctor,Doralyn Kirsz,22,31 Myrtle Parkway,47,Ranilug,Kosovo,103-228-4404,dkirsz36@paypal.com,4017954602645
116,doctor,Sarena Chaffer,67,850 Brickson Park Avenue,49,Plettenberg Bay,South Africa,620-554-8741,schaffer37@uol.com.br,36806424538369
117,doctor,Amerigo Edwick,45,61882 Pond Junction,15,Beidu,China,517-887-5020,aedwick38@sbwire.com,3557983686213370
118,mr,Tammy Poynter,7,194 Bellgrove Junction,40,Borucin,Poland,705-295-8995,tpoynter39@businessweek.com,3582905237643234
119,doctor,Maressa Rojel,24,0 Michigan Circle,100,Baturinggit Kaja,Indonesia,352-834-3284,mrojel3a@dedecms.com,5100146967344218
120,ms,Hestia Andrusyak,95,4 Lunder Hill,62,Bimbo,Central African Republic,636-941-2308,handrusyak3b@ocn.ne.jp,3564141955133446
121,doctor,Vivianna Wallentin,85,25446 West Trail,76,Hedi,China,829-534-1151,vwallentin3c@booking.com,3540408635160571
122,ms,Margo Aiskovitch,20,42 Golf Crossing,23,Pehuajó,Argentina,557-952-4292,maiskovitch3d@devhub.com,3541574391855867
123,mr,Adda Hartigan,24,23454 Dorton Avenue,64,Matinha,Brazil,677-656-7633,ahartigan3e@de.vu,3577658166636854
124,mr,Freddie Hourston,63,1 Northridge Place,62,El Vigía,Venezuela,443-405-8391,fhourston3f@dion.ne.jp,373088030163095
125,doctor,Ellwood Leil,58,354 Dunning Plaza,63,Aguaí,Brazil,518-230-3252,eleil3g@senate.gov,3538679674464041
126,doctor,Lisbeth Arber,80,5066 Miller Plaza,46,Marseille,France,101-290-2500,larber3h@zimbio.com,67615882292298699
127,ms,Marius Bowles,28,01462 Evergreen Lane,22,Longfeng,China,249-586-2086,mbowles3i@ow.ly,5100139485273258
128,mr,Vidovic Neward,66,20 Morrow Place,40,Passo Fundo,Brazil,984-768-8806,vneward3j@google.nl,201775593163177
129,doctor,Brooke Jarley,35,7 Esker Center,51,Marsada,Philippines,817-919-3988,bjarley3k@goodreads.com,4903262938033449880
130,mr,Marline Westcott,58,720 Jana Court,10,Pulau Pinang,Malaysia,145-590-4741,mwestcott3l@dion.ne.jp,3567748524001164
131,doctor,Deni Mulqueeny,48,337 Summer Ridge Plaza,54,Jiuhu,China,411-939-2828,dmulqueeny3m@ebay.co.uk,5100177396496014
132,mr,Thatch Philcock,36,084 Eliot Trail,76,Dongshe,China,270-713-9436,tphilcock3n@nih.gov,30350729258213
133,mr,Graham Spurgeon,91,76 Northridge Pass,19,Santa Ana,Venezuela,721-488-0069,gspurgeon3o@github.io,3538324405719542
134,mr,Lela Hobble,6,337 Hanson Crossing,71,Ciseureuheun,Indonesia,986-657-1681,lhobble3p@typepad.com,3529513671510582
135,ms,Gilli Fuggle,73,754 Summer Ridge Place,16,Pleiku,Vietnam,665-607-5639,gfuggle3q@senate.gov,4041597103745574
136,ms,Marcelline Bugdale,89,15269 Pierstorff Way,96,Itaí,Brazil,200-746-0954,mbugdale3r@cafepress.com,4405875622505228
137,ms,Kurt Doddridge,7,2 Upham Plaza,100,Zapala,Argentina,892-695-8869,kdoddridge3s@360.cn,3539783378260645
138,mr,Frances Marklew,22,16 Truax Trail,7,Diamante,Argentina,888-258-5869,fmarklew3t@github.io,490520374209909897
139,doctor,Curran Jedraszczyk,65,275 Claremont Place,29,Dawuhan,Indonesia,499-856-6860,cjedraszczyk3u@w3.org,5602247613912200574
140,mr,Mil Fattorini,19,6 Corscot Alley,71,Sardasht,Iran,500-188-7113,mfattorini3v@boston.com,201728916375382
141,doctor,Del Rays,78,79 Victoria Street,5,Canillo,Andorra,662-676-2727,drays3w@livejournal.com,3556957533178839
142,mr,Angie Fulun,37,51629 Crowley Lane,84,Pangkalan,Indonesia,511-463-5292,afulun3x@lulu.com,30103552705721
143,ms,Bradney Urvoy,98,04 Clarendon Pass,61,Maroantsetra,Madagascar,846-291-9081,burvoy3y@tuttocitta.it,3563682110617626
144,ms,Cherey Gorham,39,7 Eastwood Junction,62,Herrán,Colombia,115-293-8311,cgorham3z@csmonitor.com,3571667967995688
145,doctor,Gwennie Grewar,57,962 Menomonie Junction,51,Letlhakane,Botswana,503-184-2783,ggrewar40@ning.com,3552774193327638
146,ms,Lincoln Silliman,100,40276 Vermont Park,76,Bella Vista,Paraguay,307-314-1791,lsilliman41@google.de,493623239597072147
147,ms,Mayor Wrenn,65,2754 Tony Place,44,Buôn Ma Thuột,Vietnam,548-610-9561,mwrenn42@opera.com,201429958196063
148,ms,Vernice Patrickson,52,7587 Emmet Alley,52,Al Mashāf,Yemen,304-115-5393,vpatrickson43@list-manage.com,4913568405192604
149,doctor,Carri Lyles,63,8615 Autumn Leaf Parkway,55,Ocampo,Philippines,571-632-3332,clyles44@google.com.hk,5109947651367261
150,mr,Rhoda Clute,81,23460 Loomis Terrace,99,Kotlovka,Russia,164-740-3923,rclute45@blogs.com,374622369280374
151,doctor,Lanna Pladen,61,51969 Hagan Way,23,Öjebyn,Sweden,312-659-9117,lpladen46@techcrunch.com,201583176111906
152,ms,Frankie Stanyland,17,71 Lindbergh Circle,17,Järvakandi,Estonia,327-909-2134,fstanyland47@netvibes.com,4508444234622834
153,mr,Patsy Toone,53,1906 Fieldstone Place,40,Hougang,China,184-186-1732,ptoone48@google.com.br,3585267528718804
154,doctor,Shepperd Hew,85,3 Lakeland Lane,6,Żółkiewka,Poland,477-277-0958,shew49@tripadvisor.com,379680776932875
155,ms,Fabian Harsnipe,44,74 Iowa Place,19,Nam Sách,Vietnam,325-382-2949,fharsnipe4a@ucla.edu,370346261835705
156,ms,Isa Sayer,70,66323 Logan Trail,66,Itaporanga,Brazil,108-231-7918,isayer4b@gnu.org,3540318541893324
157,doctor,Jennilee Pristnor,74,42494 David Terrace,26,Lazaro Cardenas,Mexico,155-871-4032,jpristnor4c@globo.com,6759222980517676
158,doctor,Celisse Domican,91,77 Brown Trail,10,Diaofeng,China,560-181-7990,cdomican4d@indiatimes.com,379164063852930
159,doctor,Izabel Shyram,79,9269 Bartelt Plaza,65,Lidingö,Sweden,447-900-3165,ishyram4e@booking.com,3543894496177720
160,doctor,Moria Yourell,62,6 Fallview Parkway,50,Borehbangle,Indonesia,374-613-9625,myourell4f@wiley.com,4026869398511337
161,doctor,Ax McDugal,17,6655 Caliangt Junction,22,Talisayan,Philippines,649-111-5275,amcdugal4g@rambler.ru,677119686310653224
162,ms,Ker Jindra,32,3331 Starling Place,72,Plavy,Czech Republic,372-733-9194,kjindra4h@example.com,3538449868636139
163,doctor,Claus Buckleigh,27,516 Troy Court,53,Laveiras,Portugal,759-831-7040,cbuckleigh4i@hostgator.com,378851021538103
164,mr,Tracie Dempster,80,20998 Pearson Road,12,Tongjin,South Korea,208-491-6312,tdempster4j@eepurl.com,3531002635355298
165,doctor,Ambrosius Eustice,80,022 Stone Corner Way,72,Wielki Kack,Poland,824-205-1393,aeustice4k@over-blog.com,374283583141015
166,ms,Zacharie Whiten,60,553 Sunnyside Place,51,Vineuil,France,592-598-5622,zwhiten4l@nps.gov,3580760108974362
167,mr,Federica Benoit,85,8337 Hanover Park,45,Pacov,Czech Republic,672-276-6398,fbenoit4m@mapquest.com,6771021763276162672
168,ms,Gallagher Autry,71,470 Hoard Place,43,Kingscourt,Ireland,708-963-7718,gautry4n@yellowbook.com,3556153812183431
169,mr,Bonni Loins,73,829 Mandrake Alley,2,Voskehask,Armenia,548-121-1580,bloins4o@ustream.tv,5100148219391351
170,ms,Gaynor Hazeley,53,7034 Mcguire Circle,49,Nueve de Julio,Argentina,578-108-8990,ghazeley4p@smugmug.com,6334897417205583
171,mr,Camellia Gommes,16,44268 Florence Street,29,Hannō,Japan,704-473-4901,cgommes4q@github.io,5010122480314805
172,mr,Iggy Yannoni,25,82590 Prairieview Alley,51,Guzhen,China,549-375-5324,iyannoni4r@foxnews.com,5010124810751268
173,ms,Pavia Kezor,40,25 Grim Crossing,96,Triwil,Indonesia,775-174-3224,pkezor4s@bloomberg.com,490325437480018584
174,mr,Morris Langham,81,20 Comanche Park,29,Nong Muang,Thailand,806-932-4758,mlangham4t@angelfire.com,3529701749066204
175,doctor,Romain Bontoft,6,2663 Shasta Road,75,Feilaixia,China,970-970-5478,rbontoft4u@webmd.com,6375669108223922
176,doctor,Durward Lund,65,7249 Dryden Street,88,Raoshi,China,857-757-0025,dlund4v@example.com,3567050866822194
177,ms,Errick Flux,86,48 Judy Drive,25,Lümeng,China,333-460-4060,eflux4w@1688.com,3583611407327157
178,mr,Gabrielle Sunderland,57,104 Monica Hill,40,Gardawice,Poland,751-742-1435,gsunderland4x@vk.com,6762184635796782530
179,mr,Mathias Garretson,68,16305 Northport Trail,35,Ardabīl,Iran,849-269-2343,mgarretson4y@mashable.com,3557976587834211
180,ms,Garvy Helversen,65,70 Bluestem Crossing,16,Evxinoúpolis,Greece,765-978-7777,ghelversen4z@vinaora.com,3587301234678925
181,mr,Jyoti Chaffen,20,42710 Morningstar Pass,72,Santa Vitória do Palmar,Brazil,491-605-2509,jchaffen50@hhs.gov,4175007410830422
182,ms,Beatrice Staggs,7,667 Kropf Place,36,Kawaguchi,Japan,726-948-6530,bstaggs51@php.net,5610150944113541
183,doctor,Troy Rockhall,36,4943 Fallview Trail,1,Phra Khanong,Thailand,295-260-6376,trockhall52@dmoz.org,6334837778936806
184,doctor,Filia Mitchell,87,3111 Scott Park,27,Ciudad Arce,El Salvador,739-739-1942,fmitchell53@patch.com,5602249416522310
185,mr,Emylee Stothart,33,1 Truax Lane,69,Santa Cruz das Palmeiras,Brazil,631-293-4552,estothart54@blogspot.com,5010120838302738
186,mr,Julianne Phetteplace,81,0377 Elka Trail,25,Nadrupe,Portugal,519-854-2094,jphetteplace55@4shared.com,5002358487090143
187,mr,Mario Fairebrother,52,6 Bultman Place,5,Baishuitan,China,959-600-3597,mfairebrother56@amazon.co.uk,5151653917243034
188,ms,Mercy O'Lagene,74,94 High Crossing Alley,81,Thị Trấn Cẩm Thủy,Vietnam,886-993-8685,molagene57@vinaora.com,3588769351598200
189,ms,Queenie Colkett,27,598 Red Cloud Street,20,Tungi,Bangladesh,581-980-4950,qcolkett58@mit.edu,3533965984456537
190,mr,Thekla Gilliver,87,87444 Wayridge Point,3,Heshan,China,213-694-9157,tgilliver59@dedecms.com,372301479856611
191,ms,Sterling Ramsby,42,4 Browning Plaza,66,Smederevo,Serbia,476-364-5199,sramsby5a@wsj.com,3574208710483859
192,mr,Deck Driscoll,83,4 Corscot Junction,87,Międzyrzecz,Poland,747-860-7704,ddriscoll5b@nytimes.com,3581159133026463
193,mr,Dusty Kybird,58,871 Leroy Circle,89,Boyu,China,733-337-9265,dkybird5c@patch.com,4905713389936006106
194,ms,Florina Alans,38,037 East Plaza,34,Jansenville,South Africa,928-882-9777,falans5d@ftc.gov,67064297051313553
195,mr,Rudd Harlock,53,3968 Grover Hill,23,Daugavpils,Latvia,333-372-5222,rharlock5e@yolasite.com,3562476884672961
196,ms,Yoshiko Stitwell,58,15 Lawn Drive,94,Vlachovice,Czech Republic,792-957-0035,ystitwell5f@163.com,3580021153941727
197,mr,Kyrstin Ronan,42,38 Hansons Court,22,Si Prachan,Thailand,217-817-2949,kronan5g@cmu.edu,676344074848959091
198,mr,Ellwood Habbijam,39,6 Esch Street,1,Esteio,Brazil,417-808-5599,ehabbijam5h@google.nl,372301642501367
199,doctor,Rudiger Duffan,97,82120 Park Meadow Pass,85,Engenho,Portugal,350-550-1426,rduffan5i@fotki.com,4911061694003593
200,ms,Bond Sinyard,67,49930 Mitchell Park,95,Vila Fria,Portugal,210-479-5625,bsinyard5j@ftc.gov,5108755182849660
201,doctor,Elbert Lewry,92,10940 Forest Circle,35,Budziszewice,Poland,429-474-7886,elewry5k@tinyurl.com,3563679217223852
202,doctor,Moritz Yakobovitz,17,0 Pierstorff Alley,80,Boca Raton,United States,561-561-5055,myakobovitz5l@ustream.tv,56022348960502069
203,doctor,Berkie Pudan,64,74 Loeprich Drive,73,Pakokku,Myanmar,895-340-3496,bpudan5m@tuttocitta.it,3582549056792878
204,mr,Sybille Bresson,47,870 Warbler Avenue,34,Zhouzhuang,China,852-943-6281,sbresson5n@mysql.com,3565690839515854
205,ms,Geri Kenewell,26,17785 Del Mar Crossing,25,São José de Mipibu,Brazil,208-487-1557,gkenewell5o@cnet.com,676389150683310685
206,mr,Charlotte Gatheral,99,42219 Randy Pass,1,Dandu,China,592-837-3230,cgatheral5p@wikispaces.com,3546547920428658
207,ms,Vilma Frisdick,41,95274 6th Park,92,Sterling,United States,571-421-0233,vfrisdick5q@huffingtonpost.com,5460200823998966
208,mr,Editha Belone,52,13000 Blue Bill Park Drive,77,Yelenendorf,Azerbaijan,785-364-0420,ebelone5r@flickr.com,5018735220542197259
209,ms,Hillard Kall,48,92 Schurz Road,14,Pavino,Russia,845-397-6704,hkall5s@cmu.edu,30584483751837
210,ms,Caesar Whiskerd,69,2893 East Crossing,10,Helsingborg,Sweden,663-404-2074,cwhiskerd5t@cnbc.com,4508315331242447
211,ms,Ara Waghorn,65,5406 Talisman Court,56,Mawu,China,383-956-3205,awaghorn5u@oaic.gov.au,3580214169419057
212,doctor,Gary Mum,6,86009 Dakota Pass,8,Souto,Portugal,655-114-3455,gmum5v@senate.gov,633330709984926449
213,mr,Kristo Standrin,39,61488 Charing Cross Lane,46,Lagoa Seca,Brazil,195-136-4221,kstandrin5w@wordpress.org,3559346531166888
214,mr,Simonne Tilte,39,4387 Roth Place,86,Xianyi,China,331-632-7814,stilte5x@youku.com,6762993287610729528
215,mr,Billy Coster,23,99515 Calypso Plaza,19,Matamey,Niger,199-633-4849,bcoster5y@behance.net,4175008818944799
216,ms,Marcel Wisden,61,25573 Forest Dale Court,67,Morioka-shi,Japan,500-162-4963,mwisden5z@netlog.com,3552057432076525
217,doctor,Moore Deluca,52,7 Pleasure Street,56,Hrib-Loški Potok,Slovenia,566-491-8650,mdeluca60@theatlantic.com,3581631368042860
218,mr,See Blanchflower,31,9 Jana Drive,87,Zarzal,Colombia,916-311-6432,sblanchflower61@nydailynews.com,374622976703057
219,doctor,Paulina Lammerts,89,9 Del Sol Pass,23,Kolonnawa,Sri Lanka,228-976-7147,plammerts62@google.es,56022265194702960
220,ms,Chrystal Barter,91,8 Independence Avenue,82,Tomaszów Mazowiecki,Poland,183-287-4972,cbarter63@e-recht24.de,201612739184306
221,ms,Adena Corsan,52,6478 Hudson Trail,59,Kouloúra,Greece,651-401-8193,acorsan64@hubpages.com,3537412116718787
222,doctor,Galen Younghusband,50,1534 Eliot Terrace,39,Loimaan Kunta,Finland,286-751-0636,gyounghusband65@usatoday.com,3542919123509895
223,ms,Esmeralda Jaquiss,50,5022 Vermont Terrace,69,Marteleira,Portugal,166-552-5234,ejaquiss66@plala.or.jp,6709291542240789
224,doctor,Druci Bufton,49,0516 Warrior Court,51,Suqiaoxiang,China,253-132-1305,dbufton67@weibo.com,5100177460460227
225,mr,Emlynn Lacase,100,4 Homewood Street,74,Al Qārah,Saudi Arabia,964-682-4439,elacase68@plala.or.jp,3578694391527906
226,ms,Othilie Meysham,22,97 Green Ridge Street,17,Palama,Indonesia,111-918-4962,omeysham69@miitbeian.gov.cn,5138802729210412
227,doctor,Daren Lycett,38,9217 Anderson Junction,56,Itambé,Brazil,574-893-7573,dlycett6a@pinterest.com,5100137603103530
228,mr,Gerty Shaefer,49,32586 Eggendart Pass,88,Diofior,Senegal,510-965-2617,gshaefer6b@comsenz.com,5602223943535740401
229,mr,Vannie Blazey,96,181 Heath Hill,73,Sukarame,Indonesia,909-234-8255,vblazey6c@wix.com,5100146641458228
230,mr,Deane Richley,45,864 Talisman Parkway,39,Punaauia,French Polynesia,386-103-7675,drichley6d@sphinn.com,0604455720788831750
231,ms,Tamarah Eouzan,70,44083 Larry Trail,38,Cầu Giấy,Vietnam,862-852-5172,teouzan6e@earthlink.net,56101242703544112
232,doctor,Lamond Rubke,48,6 Barnett Court,27,Caldas,Colombia,537-738-6986,lrubke6f@nytimes.com,5450373271820214
233,ms,Berny Clewlow,7,16308 Tomscot Road,56,Marne-la-Vallée,France,705-700-0647,bclewlow6g@whitehouse.gov,564182042424014816
234,doctor,Vaughn Shearmer,49,0284 Spaight Drive,73,Dębno,Poland,253-335-5432,vshearmer6h@msn.com,3580427999561076
235,mr,Vilhelmina Langridge,32,6 Crownhardt Road,37,Wenxing,China,450-764-7546,vlangridge6i@lycos.com,3560473463539267
236,ms,Cyrille Sincock,22,2 Pierstorff Park,7,Rotterdam,Netherlands,500-117-8494,csincock6j@nasa.gov,490569884553950984
237,mr,Laurens Lazenbury,64,745 Heffernan Alley,2,Jarabacoa,Dominican Republic,573-961-5293,llazenbury6k@skyrock.com,3559095345083074
238,ms,Bryan Valenta,95,3192 7th Park,100,Lages,Portugal,589-435-5955,bvalenta6l@tmall.com,3576170190365170
239,mr,Dosi Medhurst,14,7232 Northland Junction,22,Lyon,France,866-394-2077,dmedhurst6m@berkeley.edu,3581698502833058
240,doctor,Maureene Knell,76,2964 Dexter Court,32,Jendouba,Tunisia,241-596-1907,mknell6n@cmu.edu,5100140834666390
241,doctor,Raquel Sherwill,8,3713 Maryland Street,97,Dolní Sloupnice,Czech Republic,495-171-1834,rsherwill6o@unc.edu,201536277930004
242,mr,Michael Wildber,48,17663 Nelson Center,85,Blendis,Indonesia,215-372-7714,mwildber6p@opera.com,5602215918370169
243,doctor,Celene Gothliff,72,73 Union Point,20,Erdenet,Mongolia,345-593-4347,cgothliff6q@sourceforge.net,5602258795302636438
244,doctor,Sharon Ragate,55,82 Mitchell Park,70,Ketapang,Indonesia,460-674-5499,sragate6r@jiathis.com,4017959715303640
245,ms,Mamie Kiehl,58,99 Sherman Pass,63,Mao,Dominican Republic,546-568-4329,mkiehl6s@sbwire.com,6759125344237339
246,doctor,Clotilda Bradbury,8,602 Autumn Leaf Hill,72,Figueira dos Cavaleiros,Portugal,318-927-7134,cbradbury6t@wp.com,4017958064787015
247,doctor,Ervin Harcase,76,5 Kennedy Crossing,32,Nunutba,Indonesia,479-997-8016,eharcase6u@alibaba.com,201498134332694
248,doctor,Alayne Colyer,75,90 Orin Street,21,Antagan Segunda,Philippines,837-397-9577,acolyer6v@google.de,633401747518799910
249,doctor,Alec Denkin,43,65841 Cherokee Circle,91,Nueva Gorgona,Panama,321-265-7310,adenkin6w@vinaora.com,5641828908381665504
250,mr,Farris Rawlyns,41,66687 Meadow Vale Avenue,87,Białobrzegi,Poland,462-359-6696,frawlyns6x@altervista.org,30039574585404
251,ms,Sampson Graddon,67,2 Judy Place,99,Uppsala,Sweden,230-184-6645,sgraddon6y@mlb.com,201841022813400
252,mr,Grantley Soles,89,809 Bartelt Plaza,89,Dobřív,Czech Republic,221-248-0122,gsoles6z@cbc.ca,3576914622255602
253,mr,Adamo McCleverty,55,0039 Talisman Hill,30,San Rafael Abajo,Costa Rica,396-896-9188,amccleverty70@mysql.com,5568986767219994
254,doctor,Zarah Pesik,33,5860 Hintze Street,35,Belleville,Canada,396-424-5926,zpesik71@nih.gov,3584363979578440
255,mr,Viviana Wiffill,35,112 American Trail,78,Shangshuai,China,203-471-1399,vwiffill72@guardian.co.uk,6333782808928994481
256,mr,Gallagher Leupoldt,70,80223 Lake View Terrace,49,Dar es Salaam,Tanzania,748-255-9858,gleupoldt73@cisco.com,5404910594393473
257,ms,Anne-marie Kineton,2,50 Gateway Drive,61,Kamionka Strumitowa,Ukraine,773-720-8411,akineton74@buzzfeed.com,5893004568410808
258,doctor,Mic Tewkesberry,94,60 Mesta Crossing,76,Yunfu,China,473-386-0510,mtewkesberry75@amazon.de,630488403354033293
259,ms,Dore Diggins,53,8613 Village Crossing,19,Zhangtan,China,582-340-9717,ddiggins76@elegantthemes.com,3561841014792123
260,mr,Blanch Pardon,38,52 Nevada Pass,9,Wawa,Nigeria,769-823-5628,bpardon77@accuweather.com,3534224337765056
261,doctor,Luca Rawlcliffe,50,53 Spaight Alley,42,Beaufort,Luxembourg,111-164-0949,lrawlcliffe78@dailymotion.com,30209010737915
262,doctor,Ailsun Fassbender,18,78615 Lighthouse Bay Crossing,71,Metković,Croatia,123-104-2133,afassbender79@smugmug.com,3586769492046160
263,mr,Oralee Andreasen,5,38333 Hagan Way,64,Sidomakmur,Indonesia,576-146-3255,oandreasen7a@nyu.edu,5038823277876439
264,ms,Gerome McDowall,54,8 Hoepker Lane,84,Itapetininga,Brazil,677-200-9210,gmcdowall7b@cafepress.com,3571761105609507
265,doctor,Obidiah Le Gallo,81,28890 Dryden Drive,48,Tétouan,Morocco,510-228-9751,ole7c@skype.com,5288016423345121
266,mr,Dion Ahern,25,9454 Trailsway Junction,10,Songshan,China,452-672-3123,dahern7d@msu.edu,3537073110401737
267,mr,Bogey Reace,33,50289 Fieldstone Trail,14,Sanrao,China,424-459-0023,breace7e@booking.com,5020610130586689
268,ms,Sigismond Tregaskis,52,93562 Delladonna Terrace,85,Wudan,China,303-791-9567,stregaskis7f@irs.gov,3584097958221693
269,doctor,Ajay Simioli,7,29 Bayside Place,23,Maştağa,Azerbaijan,887-352-7388,asimioli7g@discuz.net,3529950409792936
270,doctor,Lacy Fish,78,40 Waywood Center,7,Yeşilköy,Turkey,551-429-0874,lfish7h@constantcontact.com,5100173338212601
271,mr,Gratiana Agronski,19,6 Pankratz Road,74,Yur’yevets,Russia,966-801-6605,gagronski7i@redcross.org,374288859836602
272,mr,Goran Innwood,92,30 Northland Crossing,60,Shuozhou,China,991-263-8346,ginnwood7j@yahoo.com,564182660053742777
273,ms,Marquita McQuaid,53,973 Kenwood Crossing,89,Minshan,China,562-406-4236,mmcquaid7k@cam.ac.uk,30109736273411
274,ms,Hedy Leglise,78,8094 Barnett Drive,45,Kolodeznyy,Russia,428-849-1432,hleglise7l@bluehost.com,3576860352661867
275,ms,Con Allett,43,7 Warrior Road,37,Garden Grove,United States,714-749-2155,callett7m@opera.com,5602254380168413
276,ms,Antoinette Nafziger,10,541 Farmco Lane,29,Vabalninkas,Lithuania,246-118-6921,anafziger7n@nhs.uk,6373122902050853
277,mr,Byron Zylberdik,85,9321 Tennyson Drive,67,Lũng Hồ,Vietnam,597-680-9173,bzylberdik7o@bing.com,5108754746040338
278,mr,Cori Rowler,3,7 Katie Way,13,Ketanen,Indonesia,556-147-0554,crowler7p@webmd.com,060410689098850710
279,doctor,Moselle Annice,69,88 Declaration Street,74,München,Germany,895-338-5376,mannice7q@vinaora.com,5510513776613949
280,mr,Ainsley Jager,26,0 Scofield Parkway,28,Ilhabela,Brazil,938-324-7692,ajager7r@cloudflare.com,6759245328903424914
281,doctor,Judye Gilding,70,0931 Erie Drive,97,Binglincha,China,951-483-4477,jgilding7s@msn.com,3542917361025392
282,mr,Idette Kubicka,58,66 Old Shore Place,5,Vaitape,French Polynesia,831-449-5753,ikubicka7t@latimes.com,63043446386424826
283,doctor,Ashly Draper,69,93 Ramsey Hill,40,IJmuiden,Netherlands,767-880-6148,adraper7u@constantcontact.com,3581856580299846
284,ms,Chev Bernier,41,181 Thierer Point,13,Limbangan,Indonesia,198-222-1890,cbernier7v@barnesandnoble.com,6381530365551698
285,ms,Jasmina Lanfare,61,1 Buhler Drive,96,Qiling,China,143-784-3439,jlanfare7w@geocities.com,3567035287475946
286,doctor,Corbie Gerrad,49,7 Jackson Center,25,San Andrés,Colombia,119-925-7625,cgerrad7x@myspace.com,503846412431523776
287,mr,Zuzana Rayworth,21,0 Clemons Point,79,Gaoqiao,China,498-773-6653,zrayworth7y@cdbaby.com,3546907396243728
288,doctor,Tarah Riccelli,12,60401 New Castle Avenue,35,Massy,France,810-908-7099,triccelli7z@themeforest.net,3573061561651392
289,mr,Cobbie Kleinzweig,58,20 Drewry Terrace,62,Agarsin,China,975-361-9388,ckleinzweig80@about.com,3540305237424381
290,mr,Hunfredo Penzer,63,1445 Sunfield Junction,67,San Fernando,Honduras,206-316-0997,hpenzer81@independent.co.uk,5602257989564359083
291,ms,Jodie Stockman,29,06551 David Terrace,87,Kashiwazaki,Japan,983-194-0129,jstockman82@ebay.co.uk,3577861324750357
292,mr,August Cheston,31,07 Kennedy Court,55,Pandi,China,626-169-9039,acheston83@wikia.com,3531291144618359
293,mr,Ulises Leap,2,9220 Trailsway Trail,68,Parigi,Indonesia,999-516-4365,uleap84@infoseek.co.jp,5100177213718087
294,mr,Netti Klampk,29,8 Commercial Crossing,55,Río Sereno,Panama,376-357-8434,nklampk85@hao123.com,3582140946263401
295,mr,Darnell Collihole,35,798 Stone Corner Crossing,16,Holýšov,Czech Republic,505-630-2345,dcollihole86@jugem.jp,3587268657623409
296,doctor,Nan Iskow,57,8 Southridge Hill,77,Cagayan,Philippines,796-111-7462,niskow87@amazon.de,5018754382458694
297,mr,Vania Fermoy,23,82 Granby Drive,33,Staryy Togul,Russia,819-228-7463,vfermoy88@disqus.com,3548783188010338
298,mr,Sascha Waddie,86,65067 Muir Drive,72,Timbuktu,Mali,936-408-4698,swaddie89@geocities.com,5020543371318055474
299,doctor,Nickie Mibourne,32,2 Jenna Park,80,Lyaskelya,Russia,228-468-2956,nmibourne8a@slashdot.org,3578031338511075
300,mr,Siouxie O'dell,93,656 Cottonwood Parkway,69,Hashtgerd,Iran,152-483-7808,sodell8b@yahoo.com,5641829671831440
301,mr,Devland Naul,41,0 Muir Plaza,39,Makilala,Philippines,258-217-6417,dnaul8c@deliciousdays.com,3567274388591018
302,doctor,Tyne Orrett,29,81 Paget Lane,36,Independencia,Mexico,261-907-6976,torrett8d@dropbox.com,5220532679955588
303,ms,Leonerd Grisewood,99,23 Mifflin Crossing,14,Donnycarney,Ireland,876-248-2847,lgrisewood8e@linkedin.com,5038477676257365649
304,mr,Amalle Giroldo,76,3 Mariners Cove Drive,95,Gálvez,Argentina,232-735-1800,agiroldo8f@cnn.com,6706448245515471537
305,ms,Gilburt Annwyl,41,79 Union Terrace,65,Eiguliai,Lithuania,777-262-9417,gannwyl8g@sfgate.com,4508325027965177
306,ms,Margi Prigmore,55,1 Knutson Drive,92,Richmond,Canada,255-873-3788,mprigmore8h@nyu.edu,3536658769539422
307,doctor,Ely Kemball,55,9522 Helena Way,93,Alençon,France,794-944-6480,ekemball8i@reuters.com,4936258190369787303
308,mr,Johan Danihelka,48,18399 Westridge Hill,33,Longqiao,China,562-949-6136,jdanihelka8j@businessweek.com,3546841338149554
309,mr,Beaufort Giannasi,71,85712 Sachs Plaza,80,Songgang-dong,South Korea,223-363-3512,bgiannasi8k@geocities.com,6331105610378385234
310,ms,Terri Pennetta,38,4 Arizona Parkway,52,Osnabrück,Germany,981-147-5500,tpennetta8l@dropbox.com,6331107084104975
311,ms,Ronda Dineges,54,55768 Fairfield Pass,78,Cavinti,Philippines,888-822-6580,rdineges8m@list-manage.com,6331108991613279821
312,ms,Veda Rohlfs,17,705 Northland Avenue,98,Nakuru,Kenya,707-849-3022,vrohlfs8n@columbia.edu,4041590663449
313,ms,Gaven Ellsbury,25,0998 Bultman Plaza,76,Lindi,Tanzania,198-606-8387,gellsbury8o@goodreads.com,5100132809970717
314,doctor,Goldi MacLeod,57,3 Aberg Alley,47,Brvenica,Macedonia,618-693-8148,gmacleod8p@pen.io,201998500123478
315,ms,Rickard Saull,95,36 Roxbury Place,60,Soito,Portugal,431-293-5739,rsaull8q@addthis.com,374288120060842
316,mr,Bondie Norval,30,61 Bartillon Circle,68,Baratleke,Indonesia,491-972-1191,bnorval8r@discuz.net,3535261756894560
317,doctor,Jed Phlippi,56,2 Claremont Parkway,31,Zhoukou,China,442-354-7478,jphlippi8s@weebly.com,3588957710595070
318,doctor,Gretel Sanderson,48,5 Miller Parkway,13,Gouyan,China,475-166-3147,gsanderson8t@liveinternet.ru,6771618571501630143
319,mr,Chauncey Sircomb,73,64 Waywood Alley,73,Huangma,China,153-814-0396,csircomb8u@zdnet.com,3576942623729069
320,ms,Adriaens Edmeades,91,1666 Kingsford Junction,71,Aoji-ri,North Korea,431-866-7254,aedmeades8v@hatena.ne.jp,5163519404988090
321,ms,Maury Swettenham,94,09896 Mockingbird Place,97,Sieroszewice,Poland,688-231-8375,mswettenham8w@ezinearticles.com,201437348657751
322,mr,Shaylah Foxwell,82,46581 Drewry Way,65,Fontenay-sous-Bois,France,176-255-3942,sfoxwell8x@bbb.org,5602245946724574
323,doctor,Fidela Yeats,8,90091 Nancy Avenue,67,Strasbourg,France,656-213-5404,fyeats8y@mediafire.com,6767160139749758769
324,mr,Brande Coneron,12,599 Northfield Lane,23,Zaragoza,Guatemala,418-539-8480,bconeron8z@angelfire.com,3529530891941660
325,doctor,Aggi Klimkiewich,50,2564 Golf Course Avenue,84,Tuluá,Colombia,538-109-3577,aklimkiewich90@ezinearticles.com,201840839721970
326,doctor,Riva Natwick,98,4480 Main Lane,86,Toutuo,China,387-237-7377,rnatwick91@unblog.fr,3575186651381614
327,ms,Gabi Cordobes,49,7896 Prairie Rose Junction,58,Nueva Italia,Paraguay,186-288-6513,gcordobes92@narod.ru,3568376190809634
328,ms,Washington Willstrop,64,27740 Clarendon Crossing,14,Kavalerovo,Russia,688-289-2624,wwillstrop93@cbsnews.com,3560221091705259
329,ms,Cordi Olifaunt,21,3 Buena Vista Place,71,Jawf al Maqbābah,Yemen,966-957-3520,colifaunt94@barnesandnoble.com,5602219028850482
330,mr,Sully Dungay,61,46635 Harbort Way,8,Beijie,China,170-412-0049,sdungay95@sogou.com,5602221655649419
331,mr,Aileen Wanley,58,255 Onsgard Hill,15,Aleg,Mauritania,260-534-5418,awanley96@photobucket.com,4508433113904652
332,ms,Ashien Moss,82,899 Delaware Crossing,38,Banqiao,China,188-484-3598,amoss97@cdc.gov,3548794360652086
333,ms,Phillip Breffit,1,5644 Forster Lane,6,Sępólno Krajeńskie,Poland,615-516-5677,pbreffit98@hibu.com,3541275559124977
334,mr,Byrann Levings,37,83 Gulseth Trail,24,Palermo,Italy,828-441-2858,blevings99@indiegogo.com,0604498867006062
335,mr,Jennette Ffrench,82,089 Kinsman Park,66,Selorejo,Indonesia,825-723-8226,jffrench9a@wp.com,3570773530516067
336,doctor,Carr MacGraith,56,265 Golden Leaf Junction,53,Castlebridge,Ireland,640-846-9655,cmacgraith9b@nature.com,0604278234594815697
337,ms,Georgeta Broadis,19,0 Emmet Trail,51,Tippi,Ethiopia,533-995-3659,gbroadis9c@tinypic.com,3585100501021633
338,doctor,Lena Chittey,87,08065 Little Fleur Park,55,Dankama,Nigeria,406-968-8616,lchittey9d@privacy.gov.au,3539722347029749
339,ms,Prentice Stoffel,81,33 Southridge Hill,73,Balangpule,Indonesia,989-195-5431,pstoffel9e@creativecommons.org,060415594357075931
340,doctor,Levon Cosser,29,2 Anderson Street,40,Ivanishchi,Russia,541-701-9483,lcosser9f@mapquest.com,5602217058445363
341,mr,Sidoney Danell,63,942 Manley Crossing,35,"Palmas De Gran Canaria, Las",Spain,316-857-3756,sdanell9g@seattletimes.com,5602213631722980
342,ms,Jeni Casone,42,865 Brown Crossing,64,Erdaobaihe,China,999-376-4472,jcasone9h@ehow.com,490398688029158248
343,ms,Biddy Reisen,32,88 Ryan Park,69,Dřiteň,Czech Republic,899-442-9559,breisen9i@mysql.com,3582728295072975
344,doctor,Lorilee Frid,82,224 Fallview Court,19,Châteaudun,France,476-840-4591,lfrid9j@ycombinator.com,503807161571893609
345,doctor,Wilhelmina Hallows,93,8 Dovetail Trail,44,Bangonay,Philippines,278-516-4812,whallows9k@tinyurl.com,30297611152279
346,ms,Gratiana Kirkness,67,872 Trailsway Street,76,Gonzalo Pizarro,Ecuador,413-584-9018,gkirkness9l@diigo.com,3557578328335530
347,ms,Penn Shillabeer,64,013 Walton Street,1,Kakuda,Japan,139-488-5949,pshillabeer9m@hostgator.com,374622892780148
348,ms,Brucie Anton,99,77477 Kennedy Park,79,Segodim,Portugal,352-836-3386,banton9n@amazon.com,6706438880696328288
349,mr,Cordula Pacht,95,9864 Mallory Plaza,93,Kampong Thom,Cambodia,946-579-9914,cpacht9o@digg.com,201793835735751
350,mr,Alene Robun,18,4 Summit Hill,65,Mobai,Sierra Leone,249-847-5353,arobun9p@discuz.net,201491378970071
351,mr,Dane Pattle,91,79 Melby Road,23,Kantharalak,Thailand,932-415-3213,dpattle9q@ocn.ne.jp,6389347904567412
352,ms,Linc Schiell,77,104 American Ash Crossing,62,Cibinong,Indonesia,287-837-0406,lschiell9r@icq.com,3545876606645546
353,doctor,Winona Crosgrove,11,194 Dottie Avenue,8,Przemków,Poland,331-788-8678,wcrosgrove9s@unblog.fr,4026050308207098
354,doctor,Anjanette Zelner,46,9270 Jay Parkway,6,Ventanas,Ecuador,845-261-7239,azelner9t@ask.com,5116451314046264
355,doctor,Cullie Unthank,4,1844 Montana Hill,3,Oefatu,Indonesia,683-450-7563,cunthank9u@ox.ac.uk,6395394868990091
356,ms,Brook Aldersea,9,1 Oak Trail,91,Kameoka,Japan,829-489-2332,baldersea9v@rakuten.co.jp,3534586267535760
357,doctor,Jacobo Cattini,88,2 Chive Way,20,Milwaukee,United States,360-786-1517,jcattini9w@adobe.com,4041376917233
358,ms,Niall Swinnard,73,57 Sachtjen Point,92,La Esperanza,Mexico,543-107-0225,nswinnard9x@chicagotribune.com,3536992513277546
359,ms,Ted Lawry,60,07026 Buhler Terrace,65,Centenary,Zimbabwe,193-575-0625,tlawry9y@eepurl.com,3558079055931087
360,mr,Stafford Yarker,47,4 Marcy Circle,63,Portela,Portugal,483-325-1787,syarker9z@hubpages.com,30580009626412
361,mr,Giraud Edwins,11,18 Derek Drive,77,Nahariya,Israel,543-857-8705,gedwinsa0@washingtonpost.com,3544251801433786
362,mr,Cristionna Delgadillo,100,4 Grayhawk Pass,95,Babakantonggoh,Indonesia,447-222-4125,cdelgadilloa1@java.com,3574919387873897
363,mr,Henrik Serris,82,69214 Haas Place,40,Shadili,China,923-639-1085,hserrisa2@naver.com,3579063024011606
364,doctor,Jamie Yakolev,41,2894 Magdeline Lane,57,Dushan,China,573-494-1595,jyakoleva3@who.int,3548482018655509
365,mr,Westbrooke Saunt,62,9 Schmedeman Parkway,38,Nadrupe,Portugal,937-569-8258,wsaunta4@diigo.com,3565532017881684
366,mr,Drucy Persian,19,82 Roxbury Road,28,Kołbiel,Poland,768-466-1266,dpersiana5@admin.ch,3544084128473593
367,doctor,Betteann Flaunier,53,55211 Cardinal Alley,62,Wierzchucino,Poland,848-505-5682,bflauniera6@so-net.ne.jp,3586610238121034
368,ms,Melly Coniff,17,75447 Buena Vista Street,14,Mgachi,Russia,322-684-7529,mconiffa7@uol.com.br,3568556950505171
369,doctor,Susette Lambal,96,74 Onsgard Road,30,Bugarama,Tanzania,895-404-2191,slambala8@t-online.de,63041589695381229
370,mr,Alie Renton,9,6 Eggendart Street,83,Limmared,Sweden,526-543-1797,arentona9@google.com.au,3555809488635704
371,ms,Zak Copperwaite,48,027 Lien Center,33,Jielin,China,962-396-5036,zcopperwaiteaa@webeden.co.uk,337941633625800
372,ms,Concordia Benyan,48,667 Scoville Hill,4,Lozova,Ukraine,561-417-0228,cbenyanab@washington.edu,5010129746017221
373,mr,Bellanca Scriviner,22,9 Lien Circle,30,Maxu,China,118-844-5178,bscrivinerac@digg.com,3576062134254307
374,mr,Mirelle Janowski,76,75 Westerfield Way,98,Biggar,Canada,418-813-3033,mjanowskiad@nationalgeographic.com,3573471946818105
375,mr,Cherrita Sherringham,58,6428 Farragut Avenue,75,Gondanglegi Wetan,Indonesia,326-567-6792,csherringhamae@jimdo.com,3552059521344954
376,ms,Marilee Harrower,31,148 Schmedeman Crossing,41,Jinfeng,China,488-619-2106,mharroweraf@pinterest.com,589318336422854478
377,ms,Maxwell Slegg,73,4 Northview Lane,26,Odesskoye,Russia,969-748-7763,msleggag@hostgator.com,56108108641256171
378,mr,Russell Tanzig,65,040 South Avenue,2,Uppsala,Sweden,985-891-3987,rtanzigah@stumbleupon.com,5318313041403646
379,doctor,Alleyn McJarrow,79,363 Glendale Park,24,Batallas,Bolivia,475-292-2088,amcjarrowai@purevolume.com,6709990310540292
380,doctor,Clementina Rastall,4,1764 Hayes Place,90,Břasy,Czech Republic,313-283-5709,crastallaj@biblegateway.com,670688834291557719
381,doctor,Oates Burdikin,26,556 Prentice Court,56,Hezheng Chengguanzhen,China,617-666-1957,oburdikinak@blogs.com,4903701587458130134
382,doctor,Edeline Daunter,47,25500 Dennis Crossing,64,Mander,Indonesia,275-266-0879,edaunteral@jimdo.com,5199470521492285
383,doctor,Garek Cooch,20,5006 Rowland Parkway,28,Bailang,China,355-243-4171,gcoocham@nba.com,5602239288448751
384,ms,Jodi Rawson,48,1 Northview Drive,1,Guacarí,Colombia,563-910-3598,jrawsonan@japanpost.jp,5048375682884688
385,ms,Samara Luetchford,96,1 Merchant Pass,98,Uji,Japan,775-802-8848,sluetchfordao@jiathis.com,347101330839406
386,ms,Christy Weatherill,1,22 Washington Circle,81,Mauá,Brazil,610-748-6566,cweatherillap@berkeley.edu,3553622571230362
387,mr,Alie Spinas,8,15 Hovde Avenue,74,Bromma,Sweden,241-719-3502,aspinasaq@businessinsider.com,3571791454173540
388,doctor,Sharai Thornhill,60,47382 Luster Parkway,46,Krychaw,Belarus,800-764-1532,sthornhillar@yellowpages.com,3552037639872884
389,ms,Katalin Mengo,40,9857 Daystar Point,27,Orlândia,Brazil,187-493-4168,kmengoas@opera.com,676735038199469601
390,doctor,Vincenz Tilbey,79,44 Clemons Parkway,97,Parakanpanjang,Indonesia,838-956-3299,vtilbeyat@geocities.com,3583835524304316
391,ms,Rosalinde Scanlan,71,186 East Hill,11,Viesīte,Latvia,381-255-7552,rscanlanau@cnet.com,201727858471290
392,doctor,Jone Galfour,50,40 Forest Run Point,99,Kakegawa,Japan,617-472-6549,jgalfourav@taobao.com,3556830458320423
393,mr,Faunie Catanheira,42,2 Hayes Pass,66,Nong Khae,Thailand,616-868-8088,fcatanheiraaw@biblegateway.com,3550585490243167
394,doctor,Carmina Gerbel,61,2 Armistice Hill,77,Punta Arenas,Chile,963-425-0037,cgerbelax@senate.gov,3570396122123967
395,mr,Star Subhan,77,8 Emmet Plaza,38,Sergach,Russia,142-856-4312,ssubhanay@networkadvertising.org,501881217753658286
396,ms,Foster Every,69,862 Dovetail Terrace,78,Pérez,Argentina,898-932-9375,feveryaz@merriam-webster.com,201669177104626
397,ms,Imogen Leat,82,8 Division Point,85,Petrovsk,Russia,330-331-6138,ileatb0@census.gov,3541078844465167
398,doctor,Hebert Squire,45,4360 Lukken Terrace,78,San Isidro,Philippines,539-318-6663,hsquireb1@mozilla.org,3578841740304749
399,mr,Darsie Hector,97,61 Toban Street,25,Bailingnao,China,585-162-9318,dhectorb2@latimes.com,3542293334106457
400,doctor,Boycie O'Hear,42,532 Mesta Junction,9,Zhangxi,China,357-149-6934,bohearb3@toplist.cz,4175009346743497
401,mr,Cristian Radin,35,06 Crescent Oaks Lane,41,Diré,Mali,756-380-2107,cradinb4@umn.edu,4026911724672142
402,ms,Fonz Coverlyn,92,69 Moulton Pass,66,Anmore,Canada,268-684-8334,fcoverlynb5@google.cn,676358691418861044
403,mr,Darcy Jina,80,2628 Jenna Court,77,Verkhnevilyuysk,Russia,224-878-2768,djinab6@yale.edu,337941927392349
404,doctor,Annabelle Pullan,66,68 Sunfield Hill,48,Dalong,Indonesia,214-534-0737,apullanb7@netvibes.com,5108756532465496
405,ms,Reinwald Struss,1,0442 Bonner Hill,57,Staryy Oskol,Russia,806-681-0016,rstrussb8@cbslocal.com,5007667836266005
406,mr,Che Gott,31,515 Vera Terrace,74,Kičevo,Macedonia,659-811-9330,cgottb9@hp.com,3552859577257129
407,mr,Wake Eller,93,05426 Rieder Street,31,Lae,Marshall Islands,112-706-7802,wellerba@arstechnica.com,4026194197068524
408,mr,Win Kluss,96,87644 Reindahl Junction,30,Omišalj,Croatia,132-726-7045,wklussbb@nhs.uk,3547791275067435
409,ms,Crystal Wastall,2,902 Little Fleur Circle,99,Jelah,Bosnia and Herzegovina,755-179-2009,cwastallbc@shutterfly.com,633447613320992901
410,ms,Bibi Dugald,80,0788 Prairie Rose Crossing,7,Venado Tuerto,Argentina,804-648-6130,bdugaldbd@cnbc.com,201652514793616
411,doctor,Trever Kilgannon,7,683 Logan Parkway,53,Khalīlābād,Iran,564-511-9143,tkilgannonbe@bravesites.com,3547476042263877
412,doctor,Halli Crutchfield,32,6 Bunker Hill Way,93,Krajan Satu,Indonesia,790-919-7040,hcrutchfieldbf@google.it,5018616800118657
413,doctor,Chuck Karran,61,447 Butternut Junction,88,Ngroto,Indonesia,566-408-0756,ckarranbg@clickbank.net,5272897350894340
414,doctor,Mason Myott,89,0 Park Meadow Road,55,Pangai,Tonga,162-136-8772,mmyottbh@xing.com,3551658917386981
415,mr,Keefe Raveau,21,044 Susan Lane,39,Cedar Rapids,United States,319-556-5365,kraveaubi@state.gov,3567930566747835
416,doctor,Obed Lodwig,72,532 Maywood Terrace,35,Elekmonar,Russia,411-342-4206,olodwigbj@admin.ch,3573595023084858
417,ms,Elianore Seabrooke,66,76 Grasskamp Crossing,43,Miandrarivo,Madagascar,380-441-0251,eseabrookebk@businesswire.com,3545732121015493
418,ms,Meredeth Booler,47,67931 Dapin Parkway,56,Bijaepasu,Indonesia,278-797-1760,mboolerbl@freewebs.com,490507318908622761
419,mr,Madge Katzmann,67,04 Cardinal Street,18,Moulins,France,402-331-7572,mkatzmannbm@scribd.com,4041599115136
420,ms,Bernhard Colman,5,56568 Corscot Hill,43,Tottori,Japan,866-811-7567,bcolmanbn@fastcompany.com,3582204732270515
421,ms,Giffard Vedenichev,78,0593 Pearson Circle,77,Malaya Purga,Russia,107-939-6377,gvedenichevbo@digg.com,3569730465085578
422,ms,Mel Larway,3,8091 Bultman Circle,8,Xiangshan,China,485-257-6751,mlarwaybp@scribd.com,633321877254591531
423,doctor,Lief Garioch,43,839 Myrtle Trail,19,Villa Nueva,Honduras,146-504-3280,lgariochbq@studiopress.com,560224122816011766
424,ms,Delly Blaxlande,55,83 Sycamore Place,83,Vesëlyy,Russia,939-657-7225,dblaxlandebr@nhs.uk,6331108261523554246
425,mr,Milissent Munt,82,18 Troy Crossing,9,Villa Castelli,Argentina,305-277-6032,mmuntbs@blogger.com,3530963822528396
426,mr,Kean Broadhead,84,4 Blue Bill Park Center,18,Maying,China,862-977-4614,kbroadheadbt@cnet.com,3560229764932605
427,mr,Stacee Koubu,69,0456 Rusk Point,74,Ubatuba,Brazil,488-231-9157,skoububu@elegantthemes.com,201911193590606
428,mr,Durant Deverill,63,40557 Holy Cross Avenue,60,Rancapeundey,Indonesia,909-334-9175,ddeverillbv@merriam-webster.com,670955980246893489
429,ms,Anet Taree,91,9755 Sunfield Road,77,Isdalstø,Norway,831-786-1156,atareebw@ustream.tv,491163752639962752
430,ms,Dorene Lauthian,33,08 Jenna Street,34,Kiten,Bulgaria,797-458-9976,dlauthianbx@si.edu,5610652007585986
431,doctor,Moshe Mcimmie,17,3066 Judy Plaza,99,Houndé,Burkina Faso,684-529-6881,mmcimmieby@unesco.org,3560652937999203
432,doctor,Willow Bard,54,93 Hansons Avenue,79,Kekeri,Indonesia,112-366-0939,wbardbz@wikimedia.org,3575704205071687
433,ms,Benoite Lanham,14,1702 Pleasure Court,70,Gorang,Indonesia,103-742-4017,blanhamc0@weather.com,3589067395959143
434,mr,Kakalina Schollar,86,03818 Eagle Crest Alley,73,Sa‘sa‘,Syria,537-995-1356,kschollarc1@mayoclinic.com,56022582053286327
435,ms,Jorry Crosseland,74,25698 Anthes Avenue,3,Liushutun,China,630-284-1840,jcrosselandc2@rediff.com,5602234685287068
436,doctor,Silvana Methuen,80,35 Carberry Trail,77,Ortega,Colombia,367-697-4201,smethuenc3@house.gov,3574086849793764
437,ms,Patrizius Avon,61,3153 Maple Wood Hill,2,Yudai,China,861-650-3067,pavonc4@jalbum.net,3546434199023611
438,ms,Collete Bianco,70,263 Johnson Place,44,Parakanbeusi,Indonesia,387-542-0998,cbiancoc5@buzzfeed.com,36601162146800
439,mr,Lilah Godehard.sf,18,5 Dixon Crossing,74,Domaradz,Poland,895-442-7133,lgodehardsfc6@reuters.com,337941745871854
440,ms,Courtney Letty,5,6 Melby Junction,75,Metu,Ethiopia,768-293-4630,clettyc7@free.fr,5602231040747653
441,mr,Arlina Astlett,11,872 Packers Place,17,Velyka Bilozerka,Ukraine,982-251-2979,aastlettc8@amazon.co.jp,4508483558022965
442,mr,Modestia Faughny,45,78616 Spenser Trail,34,Laranjeiras,Brazil,734-547-4207,mfaughnyc9@lulu.com,3540909801748065
443,ms,Evangelina Zamora,46,1905 Evergreen Point,29,Naili,Philippines,373-524-5431,ezamoraca@umich.edu,3556205946776934
444,doctor,Jamie Iannello,42,8 Stuart Parkway,95,Yong’an,China,887-205-6634,jiannellocb@zdnet.com,4175000320123939
445,mr,Chick Holttom,93,5 Memorial Junction,81,Baratan,Indonesia,219-577-6216,cholttomcc@wp.com,30040445777386
446,doctor,Willyt Quilty,66,604 Loomis Circle,6,Anchorage,United States,907-914-7311,wquiltycd@i2i.jp,3555538221889225
447,mr,Sallee Dundin,40,1 Jana Parkway,4,Zapod,Albania,135-476-1370,sdundince@umich.edu,06047729684471648
448,mr,Valerie Cockill,9,3337 3rd Park,81,Yeyik,China,430-901-1264,vcockillcf@flavors.me,4026153394665797
449,ms,Ricardo Amps,88,1 Fremont Trail,34,Bieqiao,China,216-751-8455,rampscg@go.com,6331106286034386
450,doctor,Roy Girhard,74,8233 Buell Road,46,Trosa,Sweden,154-352-1091,rgirhardch@nps.gov,4936046448908347
451,mr,Netta Wearn,43,254 Northfield Court,10,Lat Yao,Thailand,826-802-5033,nwearnci@theatlantic.com,6396862197660790
452,ms,Fayre Mearns,54,94332 Mesta Point,51,Quşrah,Palestinian Territory,106-149-1921,fmearnscj@xrea.com,201801495075358
453,doctor,Crissie Driffield,57,8443 Mitchell Place,32,Matango,Indonesia,347-130-4592,cdriffieldck@hugedomains.com,3576966313385478
454,mr,Cordy Leguey,31,070 Stoughton Court,31,Trnovska Vas,Slovenia,728-210-2362,clegueycl@marriott.com,6709548856620532444
455,ms,Mannie Berg,7,30 Eastlawn Crossing,63,Pizhma,Russia,649-985-8976,mbergcm@mail.ru,3583846225861371
456,mr,Ania Golden,93,400 Caliangt Terrace,36,Ape,Latvia,647-330-8204,agoldencn@wikispaces.com,5038913790831133928
457,mr,Candace Aldridge,16,67154 Morning Alley,29,Tanggung,Indonesia,708-663-0833,caldridgeco@businesswire.com,374283273627018
458,doctor,Gordy Rankcom,4,4662 Drewry Parkway,59,‘Alī al Gharbī,Iraq,525-816-3600,grankcomcp@seattletimes.com,3585709426698497
459,mr,Cornell Cuningham,18,357 Scofield Parkway,24,Patsi,Comoros,696-530-7687,ccuninghamcq@statcounter.com,374283320692320
460,mr,Lannie Marrion,44,515 Longview Park,77,Karang Daye,Indonesia,162-926-5025,lmarrioncr@upenn.edu,3576009662075380
461,ms,Yehudit Margerrison,18,9405 Acker Alley,55,Mirões,Portugal,892-507-7956,ymargerrisoncs@imageshack.us,3582403649272586
462,doctor,Gladi Halgarth,83,4 Shasta Drive,54,Kapunduk,Indonesia,770-557-0751,ghalgarthct@howstuffworks.com,561057740778704639
463,doctor,Krystal Dennant,23,03172 Graedel Parkway,57,Ostashkov,Russia,211-932-6601,kdennantcu@cloudflare.com,3562751081084271
464,doctor,Kessia Skrzynski,79,1666 Di Loreto Avenue,9,Palpalá,Argentina,500-543-0022,kskrzynskicv@google.de,3563027812250245
465,doctor,Waly Grogor,34,6623 Morning Alley,46,Jalaud,Philippines,681-978-5843,wgrogorcw@nydailynews.com,6333726791060093
466,mr,Adena Richfield,45,9331 Di Loreto Terrace,41,Trang,Thailand,399-590-0255,arichfieldcx@auda.org.au,3560614067313118
467,doctor,Goldi Bathow,12,384 Moland Circle,27,Los Juríes,Argentina,689-662-0221,gbathowcy@altervista.org,5602244321146698265
468,ms,Jacquie Wallman,45,0 Morningstar Place,12,Ostrogozhsk,Russia,355-626-5064,jwallmancz@cisco.com,5602231351563525
469,doctor,Tammie Horsell,51,53925 Dryden Hill,72,Ribeira,Portugal,154-155-8211,thorselld0@paginegialle.it,50207136773591480
470,ms,Frazer Lamba,35,9691 Northland Alley,41,Camino Real,Mexico,119-238-1588,flambad1@cpanel.net,3584898997744391
471,mr,Giselle Bamb,77,6 Farragut Parkway,8,Yixi,China,527-675-7080,gbambd2@economist.com,5610453952748202
472,doctor,Averell Nelius,3,87607 Kenwood Alley,61,Mem Martins,Portugal,186-696-2912,aneliusd3@hp.com,3543000755037395
473,doctor,Orren Litherborough,22,17 Coleman Trail,62,Udi,Nigeria,267-776-2905,olitherboroughd4@state.gov,501888713634528980
474,doctor,Free Howis,24,774 Birchwood Park,98,Ban Lam Luk Ka,Thailand,576-666-5853,fhowisd5@google.nl,3536491319201164
475,doctor,Stefanie Pim,60,62574 Calypso Court,18,Komsomol’skiy,Uzbekistan,428-768-5278,spimd6@so-net.ne.jp,3537654867373144
476,doctor,Rory Carletto,79,6 Lukken Point,22,Nicosia,Cyprus,128-942-3655,rcarlettod7@mit.edu,3540287868432166
477,doctor,Tymon Toffano,76,3 Meadow Vale Avenue,46,Katsina,Nigeria,946-211-1447,ttoffanod8@elegantthemes.com,4175004225599870
478,mr,Wheeler Prattington,23,783 Pearson Plaza,45,Wufeng,China,460-711-9784,wprattingtond9@eepurl.com,3550426720056212
479,ms,Tandi Locke,82,1 Killdeer Plaza,62,Tayāsīr,Palestinian Territory,815-360-8575,tlockeda@webnode.com,3583152161519820
480,mr,Arel Sichardt,4,3 8th Street,67,Dzwola,Poland,814-855-7365,asichardtdb@pbs.org,3572155598789059
481,doctor,Gauthier Mogenot,9,6902 Butterfield Terrace,41,Luboń,Poland,591-418-1236,gmogenotdc@jimdo.com,3535097456847346
482,mr,Hewie Dovidaitis,64,60549 Old Gate Crossing,96,Braunschweig,Germany,338-838-1606,hdovidaitisdd@slashdot.org,5007661656082410
483,doctor,Laural Grigaut,57,33045 Weeping Birch Park,9,Pajaten,Indonesia,825-955-4570,lgrigautde@meetup.com,5108758844910599
484,ms,Laird Birchwood,20,20308 Sachtjen Park,83,Slunj,Croatia,294-578-1431,lbirchwooddf@salon.com,3565524216142307
485,doctor,Reinhard Yukhnov,31,4244 Johnson Center,67,Cercal,Portugal,755-134-2833,ryukhnovdg@woothemes.com,67069209165078274
486,ms,Jamil Lee,85,12577 Karstens Drive,15,Libode,South Africa,126-875-8076,jleedh@myspace.com,3581542352577904
487,ms,Raimondo Tixier,13,4 Waubesa Parkway,40,Brengkok,Indonesia,771-572-1956,rtixierdi@hubpages.com,6759609562015090391
488,ms,Greta Cristea,45,21 Dennis Circle,72,La Unión,El Salvador,201-859-4581,gcristeadj@craigslist.org,3536803189495991
489,ms,Alford Kilduff,19,37705 Oakridge Drive,97,Wangzha,China,768-484-2629,akilduffdk@elegantthemes.com,201931143215906
490,doctor,Devlen Saturley,36,0 Fieldstone Center,35,Huangbei,China,630-904-8174,dsaturleydl@ycombinator.com,5272798615797171
491,mr,Morganica McKellar,38,70 Jenifer Circle,74,Itambé,Brazil,963-762-3077,mmckellardm@washington.edu,3543034199720126
492,mr,Chrissie Koenen,77,54 Carberry Circle,43,Stakhanov,Ukraine,612-768-3039,ckoenendn@blogspot.com,6377915852264754
493,mr,Matthus Anglish,53,41270 Schurz Way,39,Cisarap,Indonesia,460-362-7798,manglishdo@t.co,589321033814542028
494,ms,Davey Budding,82,8 Duke Lane,65,Jacupiranga,Brazil,447-840-9305,dbuddingdp@rambler.ru,6334873534044726
495,doctor,Tuck Cowup,67,52 Ryan Crossing,8,Belverde,Portugal,706-851-2137,tcowupdq@freewebs.com,201711005719835
496,ms,Prudence Brumbie,82,305 Manufacturers Drive,40,Ariquemes,Brazil,821-278-5706,pbrumbiedr@miitbeian.gov.cn,5048373957142080
497,doctor,Claudetta Vaudin,9,649 Maryland Road,44,Tielu,China,190-122-7709,cvaudinds@google.it,6333370109575242607
498,doctor,Ignacius Thibodeaux,32,06 Johnson Crossing,89,San Vicente,Costa Rica,663-901-8776,ithibodeauxdt@dyndns.org,5602249276117037
499,mr,Worden Red,19,5896 Milwaukee Hill,93,Bar-le-Duc,France,175-396-3401,wreddu@cafepress.com,3556662950051721
500,mr,Babita Gheeraert,93,8 Ramsey Circle,21,Beauvais,France,201-623-7970,bgheeraertdv@free.fr,3577471505544940
